OrderDate,StockDate,OrderNumber,ProductKey,SalesTerritoryKey
01/01/2015,21/09/2001,SO45080,332,1
01/01/2015,05/12/2001,SO45079,312,4
01/01/2015,29/10/2001,SO45082,350,9
01/01/2015,16/11/2001,SO45081,338,6
02/01/2015,15/12/2001,SO45083,312,10
02/01/2015,12/10/2001,SO45084,310,4
02/01/2015,18/12/2001,SO45086,314,9
02/01/2015,09/10/2001,SO45085,312,9
03/01/2015,03/10/2001,SO45093,312,9
03/01/2015,29/09/2001,SO45090,310,4
03/01/2015,11/12/2001,SO45088,345,10
03/01/2015,24/10/2001,SO45092,313,9
03/01/2015,16/12/2001,SO45089,351,4
03/01/2015,26/10/2001,SO45091,314,9
03/01/2015,11/09/2001,SO45087,350,10
03/01/2015,11/09/2001,SO45094,310,6
04/01/2015,30/10/2001,SO45096,312,7
04/01/2015,30/10/2001,SO45097,313,4
04/01/2015,15/09/2001,SO45098,310,1
04/01/2015,07/12/2001,SO45095,344,10
04/01/2015,20/12/2001,SO45099,312,1
05/01/2015,19/09/2001,SO45101,313,6
05/01/2015,21/11/2001,SO45100,326,8
05/01/2015,24/11/2001,SO45102,310,4
06/01/2015,17/10/2001,SO45104,310,4
06/01/2015,01/10/2001,SO45108,310,6
06/01/2015,21/11/2001,SO45105,312,6
06/01/2015,24/09/2001,SO45103,310,1
06/01/2015,12/11/2001,SO45106,348,6
06/01/2015,14/12/2001,SO45107,312,4
07/01/2015,05/11/2001,SO45109,311,10
07/01/2015,17/09/2001,SO45112,324,10
07/01/2015,09/11/2001,SO45111,326,9
07/01/2015,05/12/2001,SO45110,311,9
08/01/2015,14/12/2001,SO45119,314,9
08/01/2015,21/11/2001,SO45117,342,1
08/01/2015,24/11/2001,SO45116,311,1
08/01/2015,01/11/2001,SO45114,310,1
08/01/2015,20/09/2001,SO45115,348,4
08/01/2015,29/10/2001,SO45118,314,9
08/01/2015,11/11/2001,SO45113,313,4
08/01/2015,25/11/2001,SO45120,344,9
09/01/2015,22/11/2001,SO45124,313,9
09/01/2015,23/12/2001,SO45122,314,4
09/01/2015,12/12/2001,SO45123,311,6
09/01/2015,24/09/2001,SO45121,310,1
10/01/2015,20/11/2001,SO45129,350,9
10/01/2015,12/12/2001,SO45127,313,1
10/01/2015,07/10/2001,SO45128,310,9
10/01/2015,26/12/2001,SO45126,311,7
11/01/2015,22/09/2001,SO45136,312,9
11/01/2015,30/11/2001,SO45130,313,10
11/01/2015,13/12/2001,SO45134,314,6
11/01/2015,13/11/2001,SO45138,349,9
11/01/2015,07/12/2001,SO45132,350,4
11/01/2015,10/10/2001,SO45137,310,9
11/01/2015,26/09/2001,SO45133,314,1
11/01/2015,14/09/2001,SO45131,344,1
11/01/2015,03/12/2001,SO45135,310,4
12/01/2015,25/12/2001,SO45141,312,4
12/01/2015,25/12/2001,SO45143,310,4
12/01/2015,26/12/2001,SO45142,311,6
12/01/2015,28/11/2001,SO45145,314,9
12/01/2015,25/11/2001,SO45144,311,9
12/01/2015,17/11/2001,SO45140,312,7
12/01/2015,25/09/2001,SO45139,314,7
13/01/2015,10/12/2001,SO45148,342,1
13/01/2015,28/11/2001,SO45147,312,4
13/01/2015,25/09/2001,SO45146,310,10
14/01/2015,08/12/2001,SO45149,314,10
14/01/2015,24/12/2001,SO45154,313,9
14/01/2015,27/11/2001,SO45151,314,1
14/01/2015,18/09/2001,SO45150,346,1
14/01/2015,30/12/2001,SO45157,344,9
14/01/2015,13/10/2001,SO45156,344,9
14/01/2015,05/11/2001,SO45155,312,9
14/01/2015,08/12/2001,SO45153,310,9
14/01/2015,25/12/2001,SO45152,310,1
15/01/2015,19/12/2001,SO45162,312,9
15/01/2015,05/12/2001,SO45158,344,7
15/01/2015,19/10/2001,SO45163,328,9
15/01/2015,26/10/2001,SO45159,349,10
15/01/2015,20/11/2001,SO45161,349,4
15/01/2015,11/10/2001,SO45160,310,10
15/01/2015,04/10/2001,SO45164,349,9
16/01/2015,23/12/2001,SO45167,311,9
16/01/2015,08/12/2001,SO45169,314,9
16/01/2015,23/12/2001,SO45171,345,9
16/01/2015,30/09/2001,SO45170,351,9
16/01/2015,26/12/2001,SO45166,312,9
16/01/2015,23/10/2001,SO45168,312,9
16/01/2015,31/12/2001,SO45165,313,6
17/01/2015,29/09/2001,SO45172,334,7
17/01/2015,22/11/2001,SO45176,313,1
17/01/2015,29/11/2001,SO45174,313,4
17/01/2015,30/10/2001,SO45179,351,9
17/01/2015,17/12/2001,SO45178,347,9
17/01/2015,28/10/2001,SO45177,314,9
17/01/2015,30/10/2001,SO45173,314,4
17/01/2015,23/10/2001,SO45175,313,4
18/01/2015,30/11/2001,SO45180,311,10
18/01/2015,01/10/2001,SO45184,320,9
18/01/2015,01/01/2002,SO45183,334,9
18/01/2015,25/10/2001,SO45181,310,10
18/01/2015,11/12/2001,SO45185,310,10
18/01/2015,25/10/2001,SO45182,312,9
19/01/2015,17/11/2001,SO45186,313,10
19/01/2015,06/10/2001,SO45191,328,1
19/01/2015,18/10/2001,SO45187,310,10
19/01/2015,15/11/2001,SO45188,311,10
19/01/2015,08/12/2001,SO45190,313,9
19/01/2015,03/12/2001,SO45189,310,1
20/01/2015,22/11/2001,SO45196,311,9
20/01/2015,02/11/2001,SO45195,313,9
20/01/2015,04/10/2001,SO45193,310,6
20/01/2015,21/11/2001,SO45194,313,4
20/01/2015,05/01/2002,SO45192,314,10
20/01/2015,03/10/2001,SO45197,314,9
21/01/2015,22/11/2001,SO45201,312,4
21/01/2015,19/12/2001,SO45199,346,8
21/01/2015,05/01/2002,SO45200,311,4
21/01/2015,17/11/2001,SO45204,345,9
21/01/2015,14/12/2001,SO45203,314,9
21/01/2015,12/10/2001,SO45202,314,9
21/01/2015,28/09/2001,SO45198,313,10
22/01/2015,10/12/2001,SO45213,349,9
22/01/2015,22/11/2001,SO45207,312,4
22/01/2015,01/10/2001,SO45211,311,9
22/01/2015,28/10/2001,SO45212,314,9
22/01/2015,07/10/2001,SO45208,344,6
22/01/2015,06/01/2002,SO45209,314,4
22/01/2015,11/10/2001,SO45210,311,4
22/01/2015,06/01/2002,SO45206,313,7
22/01/2015,25/12/2001,SO45205,344,7
23/01/2015,11/11/2001,SO45215,312,1
23/01/2015,06/10/2001,SO45214,310,7
23/01/2015,14/10/2001,SO45216,313,4
24/01/2015,01/11/2001,SO45217,314,1
24/01/2015,14/10/2001,SO45219,313,6
24/01/2015,22/10/2001,SO45222,330,1
24/01/2015,24/10/2001,SO45221,314,6
24/01/2015,04/12/2001,SO45220,312,1
24/01/2015,18/12/2001,SO45223,312,9
24/01/2015,23/10/2001,SO45224,311,9
24/01/2015,20/11/2001,SO45218,345,1
25/01/2015,25/11/2001,SO45228,314,9
25/01/2015,08/10/2001,SO45226,342,4
25/01/2015,20/11/2001,SO45225,338,4
25/01/2015,11/12/2001,SO45227,322,1
26/01/2015,21/11/2001,SO45232,310,9
26/01/2015,13/12/2001,SO45233,344,9
26/01/2015,30/11/2001,SO45231,314,9
26/01/2015,09/11/2001,SO45229,349,10
27/01/2015,24/11/2001,SO45236,312,9
27/01/2015,14/12/2001,SO45234,328,7
27/01/2015,27/11/2001,SO45235,314,1
27/01/2015,11/01/2002,SO45237,314,9
27/01/2015,15/11/2001,SO45238,346,9
28/01/2015,15/11/2001,SO45242,311,1
28/01/2015,11/12/2001,SO45240,310,1
28/01/2015,25/12/2001,SO45241,311,4
28/01/2015,16/11/2001,SO45244,350,9
28/01/2015,25/12/2001,SO45243,334,9
29/01/2015,24/11/2001,SO45245,310,9
29/01/2015,03/11/2001,SO45246,310,9
29/01/2015,30/12/2001,SO45247,334,9
29/01/2015,07/01/2002,SO45248,344,9
30/01/2015,19/10/2001,SO45254,314,4
30/01/2015,14/12/2001,SO45258,340,9
30/01/2015,16/12/2001,SO45253,314,4
30/01/2015,22/10/2001,SO45256,336,4
30/01/2015,16/10/2001,SO45255,314,1
30/01/2015,05/11/2001,SO45250,310,8
30/01/2015,08/11/2001,SO45251,334,8
30/01/2015,04/01/2002,SO45249,310,10
30/01/2015,15/01/2002,SO45257,314,9
30/01/2015,15/11/2001,SO45252,312,6
31/01/2015,30/11/2001,SO45262,313,4
31/01/2015,15/10/2001,SO45259,314,1
31/01/2015,18/10/2001,SO45264,349,9
31/01/2015,10/12/2001,SO45261,312,1
31/01/2015,05/10/2001,SO45263,340,1
31/01/2015,08/10/2001,SO45265,350,9
31/01/2015,05/10/2001,SO45260,310,1
01/02/2015,16/11/2001,SO45345,313,10
01/02/2015,07/12/2001,SO45349,312,9
01/02/2015,19/11/2001,SO45347,342,4
01/02/2015,06/12/2001,SO45348,311,9
01/02/2015,10/01/2002,SO45350,311,9
02/02/2015,31/12/2001,SO45354,340,8
02/02/2015,02/01/2002,SO45352,313,10
02/02/2015,01/01/2002,SO45356,313,9
02/02/2015,28/10/2001,SO45353,310,6
02/02/2015,07/01/2002,SO45355,312,6
02/02/2015,14/12/2001,SO45351,313,7
03/02/2015,09/01/2002,SO45358,312,6
03/02/2015,01/12/2001,SO45357,351,7
03/02/2015,23/11/2001,SO45361,312,6
03/02/2015,07/11/2001,SO45360,313,6
03/02/2015,25/11/2001,SO45362,313,9
03/02/2015,21/12/2001,SO45359,313,4
03/02/2015,15/12/2001,SO45363,312,9
04/02/2015,17/11/2001,SO45364,311,8
04/02/2015,11/11/2001,SO45366,330,7
04/02/2015,13/12/2001,SO45365,313,10
04/02/2015,31/12/2001,SO45369,314,9
04/02/2015,23/12/2001,SO45370,312,9
04/02/2015,06/11/2001,SO45368,328,1
04/02/2015,10/10/2001,SO45367,328,10
05/02/2015,08/01/2002,SO45375,313,9
05/02/2015,16/12/2001,SO45376,344,9
05/02/2015,18/11/2001,SO45371,310,10
05/02/2015,28/11/2001,SO45372,348,7
05/02/2015,30/10/2001,SO45374,312,6
05/02/2015,24/10/2001,SO45373,349,1
06/02/2015,12/01/2002,SO45384,338,6
06/02/2015,15/01/2002,SO45380,324,7
06/02/2015,10/12/2001,SO45377,313,10
06/02/2015,24/10/2001,SO45381,344,6
06/02/2015,17/01/2002,SO45382,313,1
06/02/2015,06/12/2001,SO45378,310,6
06/02/2015,12/10/2001,SO45383,332,1
06/02/2015,29/10/2001,SO45385,334,1
06/02/2015,13/10/2001,SO45379,313,6
06/02/2015,12/12/2001,SO45386,312,9
07/02/2015,24/12/2001,SO45388,350,1
07/02/2015,02/01/2002,SO45390,310,9
07/02/2015,14/01/2002,SO45392,344,9
07/02/2015,10/10/2001,SO45391,313,9
07/02/2015,19/12/2001,SO45387,310,1
07/02/2015,08/01/2002,SO45389,310,4
08/02/2015,20/01/2002,SO45394,348,10
08/02/2015,03/12/2001,SO45395,313,4
08/02/2015,15/12/2001,SO45393,312,8
08/02/2015,15/10/2001,SO45396,312,9
09/02/2015,12/10/2001,SO45397,313,10
09/02/2015,01/01/2002,SO45398,312,10
10/02/2015,01/12/2001,SO45400,313,8
10/02/2015,24/12/2001,SO45406,351,4
10/02/2015,26/10/2001,SO45401,310,10
10/02/2015,13/01/2002,SO45405,312,6
10/02/2015,22/11/2001,SO45409,312,9
10/02/2015,10/12/2001,SO45402,344,10
10/02/2015,30/11/2001,SO45404,310,1
10/02/2015,21/12/2001,SO45407,314,4
10/02/2015,25/10/2001,SO45408,314,4
11/02/2015,06/01/2002,SO45419,314,9
11/02/2015,12/01/2002,SO45412,310,6
11/02/2015,12/12/2001,SO45417,310,6
11/02/2015,26/12/2001,SO45410,310,8
11/02/2015,16/12/2001,SO45416,310,6
11/02/2015,08/11/2001,SO45411,313,6
11/02/2015,07/11/2001,SO45414,330,7
11/02/2015,22/10/2001,SO45413,312,4
11/02/2015,31/10/2001,SO45418,311,9
11/02/2015,15/01/2002,SO45421,313,9
11/02/2015,02/11/2001,SO45415,312,6
11/02/2015,12/12/2001,SO45420,313,9
12/02/2015,03/11/2001,SO45424,311,6
12/02/2015,08/12/2001,SO45423,348,6
12/02/2015,15/12/2001,SO45422,310,6
13/02/2015,07/01/2002,SO45428,346,10
13/02/2015,15/11/2001,SO45427,349,8
13/02/2015,19/12/2001,SO45425,310,10
13/02/2015,06/11/2001,SO45431,311,6
13/02/2015,14/12/2001,SO45429,310,6
13/02/2015,07/11/2001,SO45430,312,6
14/02/2015,25/01/2002,SO45433,310,7
14/02/2015,10/11/2001,SO45439,326,9
14/02/2015,28/12/2001,SO45435,336,10
14/02/2015,21/10/2001,SO45436,312,6
14/02/2015,19/01/2002,SO45437,312,6
14/02/2015,16/01/2002,SO45434,311,4
14/02/2015,21/10/2001,SO45438,310,1
14/02/2015,22/12/2001,SO45432,312,8
15/02/2015,25/12/2001,SO45444,310,9
15/02/2015,22/10/2001,SO45440,312,8
15/02/2015,22/01/2002,SO45441,312,1
15/02/2015,11/12/2001,SO45443,313,4
15/02/2015,31/01/2002,SO45442,314,1
15/02/2015,29/10/2001,SO45445,310,9
16/02/2015,31/10/2001,SO45447,313,9
16/02/2015,21/12/2001,SO45446,345,1
16/02/2015,31/01/2002,SO45448,324,9
17/02/2015,28/01/2002,SO45450,312,6
17/02/2015,05/01/2002,SO45452,314,9
17/02/2015,18/01/2002,SO45451,311,4
17/02/2015,12/01/2002,SO45449,310,8
18/02/2015,24/10/2001,SO45453,311,7
18/02/2015,22/10/2001,SO45454,312,6
19/02/2015,27/12/2001,SO45458,311,9
19/02/2015,14/01/2002,SO45459,310,9
19/02/2015,28/11/2001,SO45457,313,6
19/02/2015,09/01/2002,SO45455,310,8
19/02/2015,13/11/2001,SO45456,312,6
20/02/2015,10/11/2001,SO45461,311,6
20/02/2015,07/01/2002,SO45464,314,9
20/02/2015,11/12/2001,SO45465,342,9
20/02/2015,09/01/2002,SO45462,310,6
20/02/2015,30/01/2002,SO45463,312,4
21/02/2015,10/12/2001,SO45466,311,9
22/02/2015,06/12/2001,SO45475,313,9
22/02/2015,24/11/2001,SO45470,312,6
22/02/2015,23/12/2001,SO45474,310,9
22/02/2015,27/11/2001,SO45467,345,10
22/02/2015,16/12/2001,SO45471,313,1
22/02/2015,01/02/2002,SO45469,350,6
22/02/2015,24/01/2002,SO45468,311,6
22/02/2015,22/12/2001,SO45472,313,9
22/02/2015,15/12/2001,SO45473,310,9
22/02/2015,21/12/2001,SO45476,314,9
23/02/2015,20/01/2002,SO45477,313,8
23/02/2015,01/11/2001,SO45478,313,1
23/02/2015,04/02/2002,SO45480,313,9
23/02/2015,05/11/2001,SO45481,313,9
23/02/2015,04/11/2001,SO45479,313,9
24/02/2015,06/12/2001,SO45483,314,8
24/02/2015,17/11/2001,SO45482,310,7
24/02/2015,28/12/2001,SO45486,324,1
24/02/2015,25/01/2002,SO45490,313,6
24/02/2015,15/12/2001,SO45485,312,4
24/02/2015,28/12/2001,SO45484,313,6
24/02/2015,07/12/2001,SO45488,311,9
24/02/2015,13/11/2001,SO45487,313,9
24/02/2015,01/01/2002,SO45489,310,9
25/02/2015,21/11/2001,SO45492,330,8
25/02/2015,11/01/2002,SO45491,311,6
25/02/2015,03/12/2001,SO45494,310,9
25/02/2015,20/11/2001,SO45495,342,9
25/02/2015,22/11/2001,SO45493,320,4
26/02/2015,10/01/2002,SO45499,314,6
26/02/2015,04/12/2001,SO45505,313,9
26/02/2015,29/10/2001,SO45506,311,9
26/02/2015,04/02/2002,SO45501,350,1
26/02/2015,14/11/2001,SO45497,311,6
26/02/2015,30/11/2001,SO45503,314,6
26/02/2015,01/11/2001,SO45504,340,4
26/02/2015,07/12/2001,SO45498,312,6
26/02/2015,07/02/2002,SO45496,314,6
26/02/2015,25/11/2001,SO45507,314,9
26/02/2015,10/11/2001,SO45502,314,6
27/02/2015,25/01/2002,SO45510,310,6
27/02/2015,18/12/2001,SO45508,310,7
27/02/2015,23/01/2002,SO45509,310,8
28/02/2015,03/02/2002,SO45515,310,9
28/02/2015,16/11/2001,SO45513,348,4
28/02/2015,29/12/2001,SO45512,312,4
28/02/2015,15/01/2002,SO45511,311,7
28/02/2015,31/12/2001,SO45514,314,6
01/03/2015,29/01/2002,SO45580,310,8
01/03/2015,20/12/2001,SO45585,351,9
01/03/2015,16/11/2001,SO45583,311,1
01/03/2015,05/02/2002,SO45582,312,6
01/03/2015,08/01/2002,SO45584,336,9
01/03/2015,09/01/2002,SO45581,313,1
02/03/2015,20/11/2001,SO45589,314,9
02/03/2015,10/12/2001,SO45588,313,4
02/03/2015,03/01/2002,SO45586,311,7
02/03/2015,28/11/2001,SO45587,310,4
02/03/2015,28/11/2001,SO45592,345,9
02/03/2015,13/01/2002,SO45590,311,9
02/03/2015,10/02/2002,SO45591,326,9
03/03/2015,22/12/2001,SO45594,312,1
03/03/2015,10/11/2001,SO45599,312,9
03/03/2015,11/01/2002,SO45598,340,1
03/03/2015,17/01/2002,SO45600,313,9
03/03/2015,27/01/2002,SO45596,332,10
03/03/2015,08/02/2002,SO45593,310,10
03/03/2015,01/02/2002,SO45601,348,9
03/03/2015,20/01/2002,SO45595,314,4
04/03/2015,16/12/2001,SO45605,311,4
04/03/2015,22/01/2002,SO45606,312,9
04/03/2015,28/01/2002,SO45608,349,9
04/03/2015,21/12/2001,SO45603,312,1
04/03/2015,27/12/2001,SO45607,330,9
04/03/2015,21/01/2002,SO45609,311,8
04/03/2015,12/11/2001,SO45602,312,7
04/03/2015,19/12/2001,SO45604,314,1
05/03/2015,21/01/2002,SO45612,312,8
05/03/2015,11/02/2002,SO45611,310,1
05/03/2015,14/11/2001,SO45610,310,1
06/03/2015,03/12/2001,SO45616,314,8
06/03/2015,20/01/2002,SO45619,311,9
06/03/2015,19/02/2002,SO45613,314,1
06/03/2015,01/02/2002,SO45621,346,9
06/03/2015,22/11/2001,SO45617,311,10
06/03/2015,02/12/2001,SO45618,311,7
06/03/2015,30/11/2001,SO45615,342,7
06/03/2015,31/01/2002,SO45614,312,6
06/03/2015,26/01/2002,SO45620,314,9
07/03/2015,12/11/2001,SO45630,351,9
07/03/2015,23/11/2001,SO45628,314,9
07/03/2015,09/12/2001,SO45625,314,4
07/03/2015,26/12/2001,SO45624,313,4
07/03/2015,23/01/2002,SO45623,311,8
07/03/2015,01/01/2002,SO45629,347,9
07/03/2015,23/01/2002,SO45627,324,7
07/03/2015,13/02/2002,SO45622,344,7
07/03/2015,18/01/2002,SO45626,310,1
08/03/2015,27/11/2001,SO45632,314,8
08/03/2015,15/02/2002,SO45631,350,8
08/03/2015,23/01/2002,SO45633,351,4
08/03/2015,19/11/2001,SO45634,314,9
09/03/2015,19/01/2002,SO45637,314,1
09/03/2015,27/11/2001,SO45638,324,4
09/03/2015,27/11/2001,SO45639,311,9
09/03/2015,27/11/2001,SO45640,311,9
09/03/2015,04/02/2002,SO45635,313,6
09/03/2015,07/01/2002,SO45636,311,1
10/03/2015,30/12/2001,SO45642,313,4
10/03/2015,23/02/2002,SO45641,311,6
11/03/2015,13/01/2002,SO45645,351,10
11/03/2015,15/12/2001,SO45644,350,7
11/03/2015,14/02/2002,SO45643,310,8
11/03/2015,25/12/2001,SO45647,347,4
11/03/2015,07/01/2002,SO45646,312,4
11/03/2015,29/01/2002,SO45648,312,9
12/03/2015,15/01/2002,SO45649,310,4
12/03/2015,31/12/2001,SO45653,347,9
12/03/2015,17/11/2001,SO45650,312,6
12/03/2015,13/11/2001,SO45652,334,9
12/03/2015,06/02/2002,SO45651,311,9
13/03/2015,14/01/2002,SO45660,312,9
13/03/2015,22/12/2001,SO45659,349,4
13/03/2015,18/02/2002,SO45662,350,9
13/03/2015,11/02/2002,SO45655,312,4
13/03/2015,01/02/2002,SO45661,342,9
13/03/2015,07/02/2002,SO45654,348,7
13/03/2015,24/02/2002,SO45658,312,4
13/03/2015,05/12/2001,SO45656,313,4
13/03/2015,22/12/2001,SO45663,347,9
13/03/2015,20/11/2001,SO45657,311,1
14/03/2015,09/01/2002,SO45665,346,4
14/03/2015,26/12/2001,SO45667,314,9
14/03/2015,14/01/2002,SO45666,326,4
14/03/2015,17/02/2002,SO45664,312,8
15/03/2015,17/02/2002,SO45670,310,1
15/03/2015,07/12/2001,SO45673,312,9
15/03/2015,28/11/2001,SO45677,348,9
15/03/2015,08/02/2002,SO45669,314,4
15/03/2015,20/02/2002,SO45668,312,4
15/03/2015,15/01/2002,SO45674,314,9
15/03/2015,06/12/2001,SO45676,349,9
15/03/2015,25/02/2002,SO45671,312,4
15/03/2015,18/02/2002,SO45672,340,8
15/03/2015,28/02/2002,SO45675,340,9
16/03/2015,09/01/2002,SO45679,314,4
16/03/2015,27/11/2001,SO45681,314,9
16/03/2015,21/12/2001,SO45680,310,6
16/03/2015,18/12/2001,SO45678,313,4
16/03/2015,26/02/2002,SO45682,312,9
17/03/2015,13/12/2001,SO45685,322,7
17/03/2015,31/01/2002,SO45691,344,9
17/03/2015,17/01/2002,SO45684,345,10
17/03/2015,27/12/2001,SO45687,344,1
17/03/2015,06/01/2002,SO45688,320,4
17/03/2015,25/02/2002,SO45690,310,9
17/03/2015,30/11/2001,SO45683,311,8
17/03/2015,28/02/2002,SO45686,346,1
17/03/2015,22/02/2002,SO45689,312,9
18/03/2015,08/12/2001,SO45698,326,4
18/03/2015,17/12/2001,SO45699,336,4
18/03/2015,11/12/2001,SO45694,312,10
18/03/2015,10/02/2002,SO45697,314,4
18/03/2015,29/01/2002,SO45696,314,4
18/03/2015,16/01/2002,SO45695,311,4
18/03/2015,22/12/2001,SO45693,313,10
18/03/2015,02/03/2002,SO45692,313,8
19/03/2015,18/02/2002,SO45702,320,7
19/03/2015,09/02/2002,SO45703,310,9
19/03/2015,26/11/2001,SO45700,310,1
19/03/2015,01/03/2002,SO45701,311,4
20/03/2015,09/02/2002,SO45706,313,4
20/03/2015,16/02/2002,SO45710,310,9
20/03/2015,24/01/2002,SO45705,311,6
20/03/2015,10/12/2001,SO45707,345,9
20/03/2015,03/03/2002,SO45711,313,9
20/03/2015,30/01/2002,SO45712,346,9
20/03/2015,04/01/2002,SO45708,313,9
20/03/2015,29/12/2001,SO45704,312,8
20/03/2015,16/02/2002,SO45709,313,9
21/03/2015,05/03/2002,SO45714,312,4
21/03/2015,30/01/2002,SO45713,314,10
21/03/2015,22/12/2001,SO45715,310,9
21/03/2015,03/12/2001,SO45716,310,9
22/03/2015,02/03/2002,SO45721,345,9
22/03/2015,27/11/2001,SO45717,310,1
22/03/2015,05/02/2002,SO45719,350,6
22/03/2015,08/02/2002,SO45718,311,4
22/03/2015,06/03/2002,SO45722,351,9
22/03/2015,19/01/2002,SO45720,313,9
23/03/2015,14/01/2002,SO45723,311,4
23/03/2015,15/01/2002,SO45726,313,7
23/03/2015,18/01/2002,SO45724,312,7
23/03/2015,13/01/2002,SO45727,350,9
23/03/2015,24/11/2001,SO45725,312,8
24/03/2015,11/12/2001,SO45738,346,9
24/03/2015,04/01/2002,SO45735,314,9
24/03/2015,09/03/2002,SO45732,311,4
24/03/2015,24/12/2001,SO45734,314,1
24/03/2015,29/12/2001,SO45731,310,4
24/03/2015,21/01/2002,SO45737,311,9
24/03/2015,01/03/2002,SO45739,348,9
24/03/2015,28/11/2001,SO45728,313,8
24/03/2015,01/03/2002,SO45736,310,9
24/03/2015,05/03/2002,SO45730,350,7
24/03/2015,21/02/2002,SO45729,313,10
24/03/2015,21/12/2001,SO45733,311,4
25/03/2015,27/01/2002,SO45742,312,9
25/03/2015,26/11/2001,SO45744,351,9
25/03/2015,13/02/2002,SO45741,314,9
25/03/2015,10/01/2002,SO45740,314,9
25/03/2015,12/01/2002,SO45743,313,9
26/03/2015,19/02/2002,SO45753,311,9
26/03/2015,06/03/2002,SO45751,340,4
26/03/2015,06/01/2002,SO45752,314,9
26/03/2015,04/12/2001,SO45747,314,4
26/03/2015,01/02/2002,SO45745,312,10
26/03/2015,12/12/2001,SO45750,345,1
26/03/2015,19/02/2002,SO45749,311,8
26/03/2015,05/02/2002,SO45748,332,7
26/03/2015,12/02/2002,SO45746,312,6
27/03/2015,02/02/2002,SO45754,311,1
27/03/2015,31/01/2002,SO45755,314,4
27/03/2015,27/02/2002,SO45756,313,4
28/03/2015,12/12/2001,SO45760,311,4
28/03/2015,08/03/2002,SO45762,312,7
28/03/2015,17/02/2002,SO45764,310,9
28/03/2015,24/02/2002,SO45761,314,4
28/03/2015,10/02/2002,SO45758,312,10
28/03/2015,07/12/2001,SO45763,314,9
28/03/2015,02/02/2002,SO45759,313,4
28/03/2015,23/02/2002,SO45757,312,7
29/03/2015,20/01/2002,SO45769,314,4
29/03/2015,04/02/2002,SO45766,312,4
29/03/2015,19/01/2002,SO45767,310,4
29/03/2015,05/01/2002,SO45765,350,8
29/03/2015,11/01/2002,SO45770,311,9
29/03/2015,09/12/2001,SO45768,310,4
30/03/2015,07/03/2002,SO45771,314,4
30/03/2015,16/12/2001,SO45773,311,9
30/03/2015,25/01/2002,SO45772,313,9
30/03/2015,16/12/2001,SO45774,312,4
31/03/2015,23/02/2002,SO45775,314,8
31/03/2015,08/02/2002,SO45776,313,6
31/03/2015,16/12/2001,SO45778,351,1
31/03/2015,22/12/2001,SO45777,346,9
01/04/2015,13/02/2002,SO45818,328,4
01/04/2015,10/03/2002,SO45819,312,9
01/04/2015,04/03/2002,SO45817,311,8
01/04/2015,09/01/2002,SO45820,340,9
01/04/2015,20/12/2001,SO45816,313,4
02/04/2015,04/02/2002,SO45821,346,1
02/04/2015,07/03/2002,SO45822,312,9
02/04/2015,12/02/2002,SO45823,311,9
03/04/2015,28/01/2002,SO45828,330,1
03/04/2015,19/01/2002,SO45829,310,9
03/04/2015,14/01/2002,SO45825,314,6
03/04/2015,16/12/2001,SO45830,314,9
03/04/2015,12/03/2002,SO45832,351,9
03/04/2015,12/12/2001,SO45827,312,10
03/04/2015,01/01/2002,SO45826,310,6
03/04/2015,09/12/2001,SO45824,312,1
03/04/2015,09/01/2002,SO45831,313,9
04/04/2015,08/03/2002,SO45837,348,1
04/04/2015,28/01/2002,SO45838,311,9
04/04/2015,09/02/2002,SO45833,313,1
04/04/2015,23/12/2001,SO45834,312,4
04/04/2015,07/02/2002,SO45836,311,8
04/04/2015,11/03/2002,SO45839,349,9
04/04/2015,13/01/2002,SO45835,313,1
05/04/2015,14/01/2002,SO45844,312,1
05/04/2015,14/03/2002,SO45842,314,4
05/04/2015,18/01/2002,SO45841,311,7
05/04/2015,31/01/2002,SO45843,312,4
06/04/2015,09/03/2002,SO45848,340,4
06/04/2015,02/03/2002,SO45845,311,6
06/04/2015,08/03/2002,SO45847,345,4
06/04/2015,14/02/2002,SO45846,314,6
06/04/2015,09/03/2002,SO45849,312,9
07/04/2015,16/03/2002,SO45852,340,7
07/04/2015,08/02/2002,SO45854,312,10
07/04/2015,26/12/2001,SO45858,350,9
07/04/2015,02/03/2002,SO45855,338,1
07/04/2015,15/12/2001,SO45851,312,4
07/04/2015,11/12/2001,SO45853,313,10
07/04/2015,08/02/2002,SO45856,311,9
07/04/2015,26/12/2001,SO45850,310,4
07/04/2015,03/01/2002,SO45857,351,9
08/04/2015,08/01/2002,SO45861,311,7
08/04/2015,24/03/2002,SO45860,312,6
08/04/2015,18/01/2002,SO45859,314,7
09/04/2015,16/12/2001,SO45862,312,8
09/04/2015,25/03/2002,SO45864,311,9
09/04/2015,15/12/2001,SO45866,310,10
09/04/2015,03/01/2002,SO45865,312,9
09/04/2015,01/01/2002,SO45863,314,4
10/04/2015,19/02/2002,SO45867,312,1
10/04/2015,29/12/2001,SO45868,310,8
10/04/2015,05/01/2002,SO45871,326,9
10/04/2015,07/02/2002,SO45869,310,8
10/04/2015,28/02/2002,SO45870,349,4
11/04/2015,19/12/2001,SO45873,314,1
11/04/2015,01/03/2002,SO45874,351,6
11/04/2015,02/02/2002,SO45876,314,9
11/04/2015,27/01/2002,SO45875,310,9
11/04/2015,21/01/2002,SO45872,347,8
11/04/2015,05/01/2002,SO45877,351,9
12/04/2015,22/01/2002,SO45889,350,9
12/04/2015,16/02/2002,SO45882,312,1
12/04/2015,22/01/2002,SO45886,348,4
12/04/2015,12/03/2002,SO45879,338,8
12/04/2015,03/03/2002,SO45881,310,6
12/04/2015,13/02/2002,SO45887,330,4
12/04/2015,03/01/2002,SO45883,313,1
12/04/2015,04/03/2002,SO45884,313,1
12/04/2015,19/01/2002,SO45885,313,7
12/04/2015,31/01/2002,SO45880,313,4
12/04/2015,29/12/2001,SO45878,310,7
13/04/2015,18/12/2001,SO45893,313,6
13/04/2015,02/03/2002,SO45890,349,8
13/04/2015,02/01/2002,SO45891,346,8
13/04/2015,15/01/2002,SO45892,312,9
14/04/2015,23/12/2001,SO45895,311,4
14/04/2015,26/02/2002,SO45896,311,7
14/04/2015,12/02/2002,SO45894,332,8
15/04/2015,14/03/2002,SO45898,310,6
15/04/2015,23/12/2001,SO45904,311,9
15/04/2015,16/12/2001,SO45906,312,9
15/04/2015,02/01/2002,SO45902,314,10
15/04/2015,28/02/2002,SO45900,312,4
15/04/2015,06/01/2002,SO45901,312,4
15/04/2015,19/03/2002,SO45909,349,9
15/04/2015,16/12/2001,SO45908,347,9
15/04/2015,08/02/2002,SO45903,310,10
15/04/2015,11/03/2002,SO45897,313,1
15/04/2015,22/12/2001,SO45899,310,4
15/04/2015,12/01/2002,SO45905,311,9
15/04/2015,07/02/2002,SO45907,310,9
16/04/2015,11/02/2002,SO45911,314,4
16/04/2015,17/02/2002,SO45915,347,9
16/04/2015,10/03/2002,SO45910,311,4
16/04/2015,31/01/2002,SO45913,344,4
16/04/2015,22/12/2001,SO45916,346,9
16/04/2015,13/03/2002,SO45912,312,6
16/04/2015,10/01/2002,SO45914,349,9
17/04/2015,19/12/2001,SO45923,313,4
17/04/2015,18/03/2002,SO45921,312,1
17/04/2015,24/12/2001,SO45917,346,8
17/04/2015,24/01/2002,SO45925,347,9
17/04/2015,15/03/2002,SO45919,312,1
17/04/2015,18/12/2001,SO45922,314,6
17/04/2015,04/02/2002,SO45920,311,6
17/04/2015,05/03/2002,SO45924,310,8
17/04/2015,08/03/2002,SO45918,313,4
18/04/2015,31/03/2002,SO45929,310,4
18/04/2015,12/03/2002,SO45926,311,6
18/04/2015,16/03/2002,SO45927,312,4
18/04/2015,03/02/2002,SO45930,328,7
18/04/2015,09/01/2002,SO45928,313,1
18/04/2015,07/03/2002,SO45932,310,9
18/04/2015,08/03/2002,SO45931,310,9
19/04/2015,08/03/2002,SO45934,313,4
19/04/2015,20/01/2002,SO45936,349,4
19/04/2015,18/01/2002,SO45935,326,8
19/04/2015,02/03/2002,SO45933,313,1
20/04/2015,21/12/2001,SO45938,311,4
20/04/2015,28/03/2002,SO45942,312,9
20/04/2015,27/03/2002,SO45940,313,9
20/04/2015,09/02/2002,SO45947,351,9
20/04/2015,31/03/2002,SO45939,334,4
20/04/2015,25/12/2001,SO45943,310,9
20/04/2015,10/02/2002,SO45941,310,9
20/04/2015,25/02/2002,SO45946,350,9
20/04/2015,30/12/2001,SO45937,312,8
20/04/2015,28/01/2002,SO45945,324,9
20/04/2015,24/03/2002,SO45944,312,9
21/04/2015,05/02/2002,SO45948,342,4
21/04/2015,06/04/2002,SO45950,312,9
21/04/2015,06/03/2002,SO45951,348,9
21/04/2015,22/03/2002,SO45952,347,9
21/04/2015,22/02/2002,SO45949,310,9
22/04/2015,04/01/2002,SO45954,314,1
22/04/2015,07/04/2002,SO45955,344,1
22/04/2015,26/12/2001,SO45956,312,9
22/04/2015,08/01/2002,SO45953,314,6
23/04/2015,22/03/2002,SO45963,310,9
23/04/2015,15/01/2002,SO45966,345,9
23/04/2015,07/01/2002,SO45965,320,9
23/04/2015,04/04/2002,SO45958,311,4
23/04/2015,08/01/2002,SO45959,311,4
23/04/2015,12/01/2002,SO45961,312,7
23/04/2015,31/01/2002,SO45964,310,9
23/04/2015,19/03/2002,SO45960,314,4
23/04/2015,07/01/2002,SO45957,312,4
23/04/2015,28/01/2002,SO45962,310,9
24/04/2015,08/04/2002,SO45968,311,4
24/04/2015,19/01/2002,SO45969,310,9
24/04/2015,03/01/2002,SO45967,326,8
25/04/2015,22/03/2002,SO45971,345,8
25/04/2015,05/04/2002,SO45973,313,4
25/04/2015,29/01/2002,SO45972,324,8
25/04/2015,15/02/2002,SO45976,314,9
25/04/2015,27/01/2002,SO45978,350,9
25/04/2015,25/03/2002,SO45975,324,4
25/04/2015,02/03/2002,SO45977,313,9
25/04/2015,13/01/2002,SO45974,347,1
26/04/2015,20/01/2002,SO45980,312,10
26/04/2015,29/12/2001,SO45982,310,9
26/04/2015,10/01/2002,SO45981,310,7
26/04/2015,05/02/2002,SO45979,311,10
27/04/2015,09/01/2002,SO45991,351,9
27/04/2015,01/03/2002,SO45984,313,1
27/04/2015,23/03/2002,SO45986,314,4
27/04/2015,30/12/2001,SO45989,311,7
27/04/2015,27/02/2002,SO45988,314,1
27/04/2015,26/02/2002,SO45985,314,4
27/04/2015,31/03/2002,SO45990,314,7
27/04/2015,27/01/2002,SO45983,314,8
27/04/2015,28/12/2001,SO45987,310,4
28/04/2015,30/03/2002,SO45995,310,6
28/04/2015,20/03/2002,SO45998,342,9
28/04/2015,10/01/2002,SO45997,324,4
28/04/2015,19/02/2002,SO45994,311,4
28/04/2015,28/01/2002,SO45993,313,4
28/04/2015,11/01/2002,SO45992,334,8
28/04/2015,16/02/2002,SO45996,312,4
29/04/2015,05/04/2002,SO46004,311,4
29/04/2015,04/01/2002,SO45999,311,6
29/04/2015,11/03/2002,SO46006,313,9
29/04/2015,30/12/2001,SO46003,312,4
29/04/2015,18/01/2002,SO46000,310,1
29/04/2015,14/04/2002,SO46002,310,4
29/04/2015,29/01/2002,SO46005,312,7
29/04/2015,05/02/2002,SO46001,310,6
29/04/2015,06/03/2002,SO46008,348,9
29/04/2015,28/03/2002,SO46009,344,9
29/04/2015,30/12/2001,SO46007,312,9
30/04/2015,01/01/2002,SO46013,311,4
30/04/2015,01/03/2002,SO46011,351,10
30/04/2015,22/01/2002,SO46021,314,9
30/04/2015,19/03/2002,SO46010,348,10
30/04/2015,04/02/2002,SO46015,313,6
30/04/2015,16/01/2002,SO46014,313,6
30/04/2015,14/01/2002,SO46017,314,4
30/04/2015,26/02/2002,SO46022,346,9
30/04/2015,26/02/2002,SO46016,312,4
30/04/2015,24/01/2002,SO46020,313,9
30/04/2015,01/03/2002,SO46018,312,1
30/04/2015,25/03/2002,SO46019,340,4
30/04/2015,16/02/2002,SO46012,330,8
01/05/2015,01/01/2002,SO46110,311,4
01/05/2015,27/03/2002,SO46118,314,9
01/05/2015,12/04/2002,SO46114,313,4
01/05/2015,01/02/2002,SO46117,310,9
01/05/2015,16/02/2002,SO46112,312,4
01/05/2015,23/03/2002,SO46108,310,4
01/05/2015,20/01/2002,SO46111,311,1
01/05/2015,13/02/2002,SO46116,332,4
01/05/2015,04/01/2002,SO46113,310,4
01/05/2015,13/02/2002,SO46115,312,4
01/05/2015,04/03/2002,SO46109,312,1
01/05/2015,01/04/2002,SO46119,326,9
02/05/2015,08/01/2002,SO46123,312,4
02/05/2015,05/01/2002,SO46120,313,4
02/05/2015,27/01/2002,SO46121,312,4
02/05/2015,05/04/2002,SO46124,311,9
02/05/2015,19/01/2002,SO46122,313,6
03/05/2015,12/01/2002,SO46125,310,4
03/05/2015,12/01/2002,SO46127,334,4
03/05/2015,14/04/2002,SO46129,313,9
03/05/2015,03/03/2002,SO46128,314,8
04/05/2015,03/04/2002,SO46133,312,4
04/05/2015,08/03/2002,SO46130,311,4
04/05/2015,05/02/2002,SO46139,347,9
04/05/2015,13/03/2002,SO46135,313,9
04/05/2015,19/04/2002,SO46137,313,9
04/05/2015,07/04/2002,SO46138,311,7
04/05/2015,19/01/2002,SO46140,350,9
04/05/2015,21/02/2002,SO46134,312,9
04/05/2015,28/02/2002,SO46136,312,9
04/05/2015,08/01/2002,SO46131,312,4
04/05/2015,01/02/2002,SO46132,314,6
05/05/2015,09/02/2002,SO46142,311,6
05/05/2015,01/04/2002,SO46143,347,4
05/05/2015,17/03/2002,SO46144,350,4
06/05/2015,13/01/2002,SO46146,345,8
06/05/2015,10/03/2002,SO46151,351,4
06/05/2015,20/02/2002,SO46154,349,9
06/05/2015,11/04/2002,SO46148,310,4
06/05/2015,06/01/2002,SO46153,324,9
06/05/2015,27/03/2002,SO46150,336,10
06/05/2015,09/04/2002,SO46147,320,8
06/05/2015,20/03/2002,SO46149,311,1
07/05/2015,08/03/2002,SO46155,310,4
07/05/2015,18/02/2002,SO46157,345,4
07/05/2015,07/01/2002,SO46158,320,9
07/05/2015,06/04/2002,SO46156,314,4
07/05/2015,05/04/2002,SO46159,351,9
08/05/2015,02/03/2002,SO46162,313,4
08/05/2015,02/04/2002,SO46163,312,1
08/05/2015,18/03/2002,SO46169,313,4
08/05/2015,10/03/2002,SO46168,334,9
08/05/2015,30/01/2002,SO46165,310,1
08/05/2015,14/01/2002,SO46167,347,9
08/05/2015,05/04/2002,SO46166,313,10
08/05/2015,10/04/2002,SO46164,312,4
08/05/2015,18/02/2002,SO46161,311,7
08/05/2015,27/03/2002,SO46160,351,8
09/05/2015,27/01/2002,SO46172,310,1
09/05/2015,08/02/2002,SO46175,349,9
09/05/2015,15/04/2002,SO46170,312,4
09/05/2015,20/04/2002,SO46174,311,9
09/05/2015,26/01/2002,SO46171,310,6
09/05/2015,24/01/2002,SO46173,311,9
10/05/2015,14/03/2002,SO46176,349,10
10/05/2015,18/04/2002,SO46177,312,4
10/05/2015,31/01/2002,SO46178,334,9
11/05/2015,21/02/2002,SO46180,310,1
11/05/2015,28/03/2002,SO46179,313,4
11/05/2015,28/03/2002,SO46181,348,9
11/05/2015,04/02/2002,SO46182,346,9
12/05/2015,05/03/2002,SO46183,351,7
12/05/2015,14/03/2002,SO46190,312,10
12/05/2015,22/02/2002,SO46185,314,10
12/05/2015,09/04/2002,SO46187,313,6
12/05/2015,16/04/2002,SO46189,312,9
12/05/2015,21/02/2002,SO46191,310,8
12/05/2015,27/04/2002,SO46188,310,9
12/05/2015,24/01/2002,SO46186,310,1
13/05/2015,19/04/2002,SO46202,320,9
13/05/2015,21/02/2002,SO46197,347,4
13/05/2015,05/04/2002,SO46200,310,9
13/05/2015,19/04/2002,SO46195,314,1
13/05/2015,22/03/2002,SO46199,314,9
13/05/2015,04/03/2002,SO46201,314,9
13/05/2015,17/04/2002,SO46203,346,9
13/05/2015,03/04/2002,SO46204,348,9
13/05/2015,19/03/2002,SO46194,313,4
13/05/2015,18/03/2002,SO46196,310,1
13/05/2015,20/01/2002,SO46192,314,7
13/05/2015,19/03/2002,SO46198,344,4
13/05/2015,26/04/2002,SO46193,342,7
14/05/2015,19/04/2002,SO46209,312,7
14/05/2015,19/04/2002,SO46207,348,4
14/05/2015,30/01/2002,SO46208,311,9
14/05/2015,09/04/2002,SO46206,348,6
14/05/2015,02/03/2002,SO46210,313,7
14/05/2015,04/03/2002,SO46205,313,4
15/05/2015,17/02/2002,SO46213,314,4
15/05/2015,14/03/2002,SO46216,314,9
15/05/2015,22/02/2002,SO46215,310,9
15/05/2015,25/01/2002,SO46212,312,4
15/05/2015,02/04/2002,SO46211,328,7
15/05/2015,09/03/2002,SO46217,314,9
15/05/2015,21/01/2002,SO46214,311,4
16/05/2015,18/04/2002,SO46219,313,6
16/05/2015,11/02/2002,SO46224,328,4
16/05/2015,31/01/2002,SO46218,313,7
16/05/2015,27/04/2002,SO46227,351,9
16/05/2015,28/03/2002,SO46226,313,7
16/05/2015,05/03/2002,SO46222,336,4
16/05/2015,03/03/2002,SO46225,313,9
16/05/2015,09/04/2002,SO46228,349,9
16/05/2015,04/04/2002,SO46223,326,4
16/05/2015,11/03/2002,SO46220,313,6
16/05/2015,05/02/2002,SO46221,314,6
17/05/2015,05/03/2002,SO46229,344,8
17/05/2015,17/01/2002,SO46234,312,4
17/05/2015,21/02/2002,SO46232,311,4
17/05/2015,23/01/2002,SO46230,344,10
17/05/2015,10/04/2002,SO46231,310,4
17/05/2015,06/02/2002,SO46233,314,6
17/05/2015,20/03/2002,SO46236,350,9
17/05/2015,24/02/2002,SO46235,312,4
17/05/2015,18/03/2002,SO46237,312,7
18/05/2015,03/04/2002,SO46240,314,6
18/05/2015,07/03/2002,SO46242,314,9
18/05/2015,24/02/2002,SO46244,310,7
18/05/2015,07/04/2002,SO46245,314,8
18/05/2015,02/03/2002,SO46239,312,8
18/05/2015,16/04/2002,SO46238,311,8
18/05/2015,02/03/2002,SO46243,311,9
18/05/2015,14/04/2002,SO46241,345,6
19/05/2015,04/03/2002,SO46248,324,4
19/05/2015,29/03/2002,SO46249,347,9
19/05/2015,05/04/2002,SO46250,313,8
19/05/2015,17/04/2002,SO46251,350,9
19/05/2015,06/03/2002,SO46247,334,4
19/05/2015,19/04/2002,SO46246,314,1
20/05/2015,04/05/2002,SO46256,314,10
20/05/2015,29/04/2002,SO46254,310,4
20/05/2015,16/03/2002,SO46252,313,8
20/05/2015,05/02/2002,SO46255,312,9
20/05/2015,23/03/2002,SO46253,311,4
20/05/2015,15/04/2002,SO46257,346,9
21/05/2015,12/02/2002,SO46262,313,9
21/05/2015,28/04/2002,SO46258,313,1
21/05/2015,14/04/2002,SO46260,310,1
21/05/2015,22/03/2002,SO46261,348,1
21/05/2015,18/03/2002,SO46263,310,7
21/05/2015,03/04/2002,SO46259,313,1
22/05/2015,02/05/2002,SO46264,350,7
22/05/2015,08/02/2002,SO46267,314,9
22/05/2015,25/01/2002,SO46265,312,1
22/05/2015,29/03/2002,SO46268,311,9
22/05/2015,19/02/2002,SO46266,314,9
23/05/2015,26/02/2002,SO46272,311,1
23/05/2015,13/04/2002,SO46276,311,9
23/05/2015,09/03/2002,SO46271,313,4
23/05/2015,12/04/2002,SO46275,313,9
23/05/2015,21/02/2002,SO46274,350,4
23/05/2015,21/02/2002,SO46270,312,6
23/05/2015,10/03/2002,SO46273,351,4
24/05/2015,31/01/2002,SO46277,322,8
24/05/2015,13/02/2002,SO46281,347,4
24/05/2015,09/04/2002,SO46278,326,8
24/05/2015,11/03/2002,SO46282,345,4
24/05/2015,04/03/2002,SO46279,312,1
24/05/2015,05/02/2002,SO46285,346,9
24/05/2015,31/03/2002,SO46280,311,1
24/05/2015,25/02/2002,SO46283,351,4
25/05/2015,16/03/2002,SO46289,313,1
25/05/2015,30/01/2002,SO46286,338,7
25/05/2015,04/02/2002,SO46290,351,4
25/05/2015,03/03/2002,SO46288,311,1
25/05/2015,16/03/2002,SO46292,313,9
25/05/2015,03/02/2002,SO46291,313,9
25/05/2015,07/04/2002,SO46293,311,8
25/05/2015,13/03/2002,SO46287,312,4
25/05/2015,08/03/2002,SO46294,345,9
26/05/2015,25/04/2002,SO46299,314,9
26/05/2015,04/04/2002,SO46300,314,9
26/05/2015,28/04/2002,SO46297,313,1
26/05/2015,11/03/2002,SO46298,314,4
26/05/2015,21/02/2002,SO46296,314,4
27/05/2015,10/05/2002,SO46304,350,9
27/05/2015,25/03/2002,SO46305,311,8
27/05/2015,16/03/2002,SO46302,310,1
27/05/2015,08/02/2002,SO46301,313,7
27/05/2015,30/01/2002,SO46303,340,9
28/05/2015,04/02/2002,SO46308,310,9
28/05/2015,02/05/2002,SO46309,350,9
28/05/2015,08/05/2002,SO46307,314,9
28/05/2015,24/02/2002,SO46310,336,9
28/05/2015,24/04/2002,SO46306,311,4
29/05/2015,07/04/2002,SO46311,314,7
30/05/2015,10/05/2002,SO46316,351,4
30/05/2015,09/02/2002,SO46314,312,4
30/05/2015,13/05/2002,SO46318,312,9
30/05/2015,03/03/2002,SO46315,311,1
30/05/2015,05/05/2002,SO46313,313,1
30/05/2015,27/03/2002,SO46312,314,4
30/05/2015,08/03/2002,SO46317,334,4
31/05/2015,09/05/2002,SO46319,311,4
31/05/2015,08/03/2002,SO46321,330,1
31/05/2015,11/05/2002,SO46320,351,4
01/06/2015,10/02/2002,SO46393,314,10
01/06/2015,18/02/2002,SO46391,312,9
01/06/2015,02/04/2002,SO46390,313,4
01/06/2015,14/05/2002,SO46392,313,7
02/06/2015,05/03/2002,SO46396,311,4
02/06/2015,16/04/2002,SO46405,310,9
02/06/2015,24/03/2002,SO46395,346,10
02/06/2015,23/03/2002,SO46398,311,9
02/06/2015,07/05/2002,SO46399,314,9
02/06/2015,28/02/2002,SO46402,313,9
02/06/2015,13/05/2002,SO46397,328,6
02/06/2015,17/05/2002,SO46400,314,9
02/06/2015,02/04/2002,SO46401,310,9
02/06/2015,28/02/2002,SO46403,314,8
02/06/2015,15/03/2002,SO46394,314,8
02/06/2015,26/04/2002,SO46404,312,10
03/06/2015,27/03/2002,SO46407,342,6
03/06/2015,10/05/2002,SO46406,312,1
03/06/2015,14/05/2002,SO46408,351,9
04/06/2015,19/05/2002,SO46413,346,6
04/06/2015,23/02/2002,SO46414,338,4
04/06/2015,04/02/2002,SO46411,314,6
04/06/2015,31/03/2002,SO46415,310,9
04/06/2015,14/04/2002,SO46412,311,6
04/06/2015,16/02/2002,SO46409,313,8
05/06/2015,04/03/2002,SO46418,312,9
05/06/2015,24/04/2002,SO46419,344,9
05/06/2015,24/02/2002,SO46420,313,7
05/06/2015,31/03/2002,SO46416,313,4
05/06/2015,21/02/2002,SO46421,336,9
05/06/2015,18/04/2002,SO46417,314,4
06/06/2015,20/04/2002,SO46426,344,4
06/06/2015,29/04/2002,SO46428,311,9
06/06/2015,02/05/2002,SO46424,312,4
06/06/2015,21/02/2002,SO46427,350,6
06/06/2015,05/04/2002,SO46425,313,6
06/06/2015,27/03/2002,SO46422,311,4
06/06/2015,29/04/2002,SO46423,313,4
07/06/2015,01/05/2002,SO46432,342,4
07/06/2015,19/03/2002,SO46429,345,8
07/06/2015,18/03/2002,SO46436,347,9
07/06/2015,25/02/2002,SO46433,312,9
07/06/2015,02/04/2002,SO46434,313,9
07/06/2015,09/02/2002,SO46431,310,1
07/06/2015,01/05/2002,SO46430,314,7
07/06/2015,15/04/2002,SO46435,348,9
08/06/2015,22/02/2002,SO46442,314,8
08/06/2015,08/04/2002,SO46441,312,10
08/06/2015,08/04/2002,SO46438,313,4
08/06/2015,03/03/2002,SO46439,313,9
08/06/2015,18/03/2002,SO46443,314,10
08/06/2015,12/04/2002,SO46440,312,9
08/06/2015,07/05/2002,SO46437,313,8
08/06/2015,13/02/2002,SO46444,351,9
09/06/2015,26/03/2002,SO46445,312,1
09/06/2015,22/04/2002,SO46448,344,9
09/06/2015,16/05/2002,SO46446,312,1
09/06/2015,08/04/2002,SO46447,312,9
09/06/2015,12/02/2002,SO46449,345,9
10/06/2015,16/02/2002,SO46456,346,9
10/06/2015,04/04/2002,SO46451,310,4
10/06/2015,18/05/2002,SO46453,313,9
10/06/2015,08/03/2002,SO46450,314,4
10/06/2015,15/03/2002,SO46452,349,1
10/06/2015,10/03/2002,SO46455,314,10
10/06/2015,03/04/2002,SO46454,310,9
10/06/2015,05/03/2002,SO46457,324,9
11/06/2015,01/05/2002,SO46460,312,4
11/06/2015,14/03/2002,SO46461,311,9
11/06/2015,27/05/2002,SO46459,313,4
11/06/2015,22/03/2002,SO46462,345,9
11/06/2015,18/02/2002,SO46458,310,4
12/06/2015,19/03/2002,SO46468,311,6
12/06/2015,31/03/2002,SO46472,344,9
12/06/2015,25/03/2002,SO46467,314,1
12/06/2015,09/03/2002,SO46463,348,8
12/06/2015,19/03/2002,SO46464,310,4
12/06/2015,10/03/2002,SO46473,311,8
12/06/2015,23/05/2002,SO46466,311,1
12/06/2015,03/03/2002,SO46470,322,1
12/06/2015,07/03/2002,SO46465,311,4
12/06/2015,01/04/2002,SO46469,332,7
12/06/2015,08/04/2002,SO46471,310,8
12/06/2015,17/03/2002,SO46474,342,9
13/06/2015,25/05/2002,SO46477,346,9
13/06/2015,18/03/2002,SO46476,350,1
13/06/2015,11/03/2002,SO46475,322,10
13/06/2015,02/04/2002,SO46478,326,9
14/06/2015,14/02/2002,SO46482,346,9
14/06/2015,20/03/2002,SO46480,347,4
14/06/2015,13/03/2002,SO46479,310,4
14/06/2015,14/04/2002,SO46481,313,9
15/06/2015,24/04/2002,SO46485,313,4
15/06/2015,21/05/2002,SO46487,338,4
15/06/2015,30/04/2002,SO46484,312,1
15/06/2015,24/02/2002,SO46488,312,9
15/06/2015,29/04/2002,SO46486,332,8
15/06/2015,08/04/2002,SO46483,312,4
16/06/2015,17/02/2002,SO46489,313,6
16/06/2015,07/03/2002,SO46490,313,4
17/06/2015,02/05/2002,SO46491,314,6
17/06/2015,03/04/2002,SO46495,311,9
17/06/2015,04/05/2002,SO46493,328,1
17/06/2015,20/03/2002,SO46494,313,9
17/06/2015,27/02/2002,SO46492,312,1
17/06/2015,16/03/2002,SO46496,312,9
18/06/2015,05/03/2002,SO46504,342,4
18/06/2015,19/05/2002,SO46503,310,1
18/06/2015,05/04/2002,SO46499,310,1
18/06/2015,29/04/2002,SO46501,328,8
18/06/2015,18/02/2002,SO46500,314,1
18/06/2015,06/03/2002,SO46506,349,9
18/06/2015,23/03/2002,SO46498,313,4
18/06/2015,11/05/2002,SO46497,310,7
18/06/2015,26/03/2002,SO46505,347,9
18/06/2015,19/05/2002,SO46507,320,9
18/06/2015,29/04/2002,SO46502,328,7
19/06/2015,05/04/2002,SO46519,310,10
19/06/2015,05/05/2002,SO46516,351,1
19/06/2015,16/03/2002,SO46513,313,6
19/06/2015,04/05/2002,SO46514,342,7
19/06/2015,14/05/2002,SO46517,313,9
19/06/2015,30/03/2002,SO46510,311,6
19/06/2015,07/04/2002,SO46515,340,8
19/06/2015,29/05/2002,SO46509,310,4
19/06/2015,26/03/2002,SO46520,312,6
19/06/2015,09/04/2002,SO46518,314,9
19/06/2015,21/04/2002,SO46512,311,4
19/06/2015,26/02/2002,SO46511,313,6
19/06/2015,25/05/2002,SO46508,349,7
20/06/2015,06/05/2002,SO46523,313,4
20/06/2015,13/03/2002,SO46521,310,4
20/06/2015,28/05/2002,SO46525,314,9
20/06/2015,05/03/2002,SO46522,312,4
20/06/2015,09/05/2002,SO46527,334,9
20/06/2015,22/03/2002,SO46526,347,9
20/06/2015,18/04/2002,SO46524,351,4
21/06/2015,27/02/2002,SO46536,311,7
21/06/2015,27/04/2002,SO46532,338,7
21/06/2015,18/03/2002,SO46530,313,6
21/06/2015,21/05/2002,SO46533,348,4
21/06/2015,06/03/2002,SO46529,314,1
21/06/2015,23/02/2002,SO46528,311,8
21/06/2015,15/04/2002,SO46531,310,1
21/06/2015,12/03/2002,SO46535,310,9
21/06/2015,06/06/2002,SO46534,312,9
22/06/2015,25/05/2002,SO46541,310,9
22/06/2015,19/05/2002,SO46537,344,8
22/06/2015,04/04/2002,SO46538,310,4
22/06/2015,26/04/2002,SO46539,314,4
22/06/2015,26/05/2002,SO46540,314,9
23/06/2015,02/06/2002,SO46552,328,4
23/06/2015,21/05/2002,SO46551,330,4
23/06/2015,23/04/2002,SO46553,312,9
23/06/2015,12/05/2002,SO46542,347,8
23/06/2015,06/06/2002,SO46556,326,9
23/06/2015,07/05/2002,SO46543,345,10
23/06/2015,17/05/2002,SO46546,310,1
23/06/2015,28/02/2002,SO46544,311,1
23/06/2015,25/02/2002,SO46545,310,6
23/06/2015,02/03/2002,SO46555,351,9
23/06/2015,02/03/2002,SO46554,313,9
23/06/2015,31/03/2002,SO46548,310,1
23/06/2015,24/03/2002,SO46550,350,4
23/06/2015,07/04/2002,SO46549,313,1
23/06/2015,21/05/2002,SO46547,313,1
24/06/2015,09/06/2002,SO46563,320,9
24/06/2015,14/04/2002,SO46558,314,1
24/06/2015,07/05/2002,SO46562,311,8
24/06/2015,12/05/2002,SO46559,310,4
24/06/2015,07/04/2002,SO46560,344,4
24/06/2015,04/03/2002,SO46561,312,9
24/06/2015,20/03/2002,SO46557,310,4
25/06/2015,26/03/2002,SO46568,312,1
25/06/2015,24/03/2002,SO46567,313,1
25/06/2015,28/05/2002,SO46566,311,4
25/06/2015,08/05/2002,SO46565,311,1
26/06/2015,03/06/2002,SO46570,313,7
26/06/2015,27/03/2002,SO46569,312,4
26/06/2015,31/03/2002,SO46571,313,10
26/06/2015,27/02/2002,SO46574,348,9
26/06/2015,10/03/2002,SO46575,351,9
26/06/2015,16/03/2002,SO46573,314,7
26/06/2015,08/03/2002,SO46572,314,7
27/06/2015,21/04/2002,SO46576,310,6
27/06/2015,27/02/2002,SO46581,314,4
27/06/2015,16/05/2002,SO46577,311,1
27/06/2015,18/04/2002,SO46579,311,4
27/06/2015,11/06/2002,SO46578,314,1
27/06/2015,14/05/2002,SO46583,310,9
27/06/2015,04/04/2002,SO46584,348,9
27/06/2015,20/03/2002,SO46580,310,4
27/06/2015,23/05/2002,SO46582,314,1
28/06/2015,16/04/2002,SO46589,326,9
28/06/2015,04/06/2002,SO46588,351,6
28/06/2015,07/04/2002,SO46586,313,1
28/06/2015,05/05/2002,SO46587,314,1
28/06/2015,02/04/2002,SO46585,314,8
29/06/2015,16/03/2002,SO46593,314,1
29/06/2015,15/03/2002,SO46592,313,6
29/06/2015,08/03/2002,SO46595,312,10
29/06/2015,10/05/2002,SO46596,349,9
29/06/2015,08/04/2002,SO46594,314,9
29/06/2015,19/03/2002,SO46597,348,9
29/06/2015,19/04/2002,SO46591,310,1
29/06/2015,21/03/2002,SO46590,312,6
30/06/2015,11/05/2002,SO46603,345,9
30/06/2015,23/05/2002,SO46601,345,4
30/06/2015,11/04/2002,SO46598,311,8
30/06/2015,23/03/2002,SO46600,334,7
30/06/2015,04/06/2002,SO46599,310,4
30/06/2015,23/03/2002,SO46602,312,9
01/07/2015,03/05/2002,SO46677,371,8
01/07/2015,16/05/2002,SO46679,373,1
01/07/2015,23/04/2002,SO46683,354,9
01/07/2015,09/05/2002,SO46681,362,9
01/07/2015,18/04/2002,SO46676,385,8
01/07/2015,10/03/2002,SO46682,358,9
01/07/2015,05/03/2002,SO46680,371,9
01/07/2015,12/03/2002,SO46678,330,8
02/07/2015,28/03/2002,SO46685,377,4
02/07/2015,15/04/2002,SO46684,381,8
02/07/2015,19/04/2002,SO46686,324,10
03/07/2015,05/04/2002,SO46687,379,8
03/07/2015,17/03/2002,SO46695,358,6
03/07/2015,24/03/2002,SO46692,369,4
03/07/2015,16/03/2002,SO46697,371,9
03/07/2015,06/04/2002,SO46693,373,4
03/07/2015,21/05/2002,SO46694,373,4
03/07/2015,06/03/2002,SO46689,369,4
03/07/2015,17/06/2002,SO46699,328,9
03/07/2015,02/05/2002,SO46698,377,9
03/07/2015,23/05/2002,SO46696,370,9
03/07/2015,31/03/2002,SO46690,368,4
03/07/2015,07/05/2002,SO46688,369,1
03/07/2015,15/05/2002,SO46691,368,4
04/07/2015,06/06/2002,SO46708,377,9
04/07/2015,10/03/2002,SO46706,352,6
04/07/2015,28/05/2002,SO46705,370,1
04/07/2015,06/05/2002,SO46701,375,8
04/07/2015,13/03/2002,SO46707,336,4
04/07/2015,26/03/2002,SO46703,336,10
04/07/2015,14/03/2002,SO46700,381,7
04/07/2015,08/03/2002,SO46704,370,4
04/07/2015,12/05/2002,SO46702,369,8
05/07/2015,26/03/2002,SO46716,375,6
05/07/2015,12/06/2002,SO46709,387,10
05/07/2015,03/06/2002,SO46718,360,9
05/07/2015,16/03/2002,SO46710,356,8
05/07/2015,11/06/2002,SO46711,369,7
05/07/2015,06/05/2002,SO46712,373,7
05/07/2015,13/03/2002,SO46714,368,1
05/07/2015,29/05/2002,SO46713,371,6
05/07/2015,27/04/2002,SO46715,375,6
05/07/2015,16/04/2002,SO46717,368,6
06/07/2015,26/04/2002,SO46720,371,7
06/07/2015,02/06/2002,SO46723,368,4
06/07/2015,12/04/2002,SO46726,373,9
06/07/2015,24/03/2002,SO46727,370,9
06/07/2015,30/03/2002,SO46719,362,10
06/07/2015,08/06/2002,SO46728,358,9
06/07/2015,02/05/2002,SO46722,385,7
06/07/2015,22/05/2002,SO46729,320,9
06/07/2015,26/05/2002,SO46721,370,10
06/07/2015,21/06/2002,SO46725,369,9
07/07/2015,28/04/2002,SO46730,379,8
07/07/2015,30/04/2002,SO46733,375,6
07/07/2015,09/06/2002,SO46734,375,4
07/07/2015,22/03/2002,SO46732,385,4
07/07/2015,04/04/2002,SO46735,371,1
07/07/2015,22/04/2002,SO46736,360,9
07/07/2015,22/06/2002,SO46731,371,8
07/07/2015,27/05/2002,SO46738,362,9
07/07/2015,13/05/2002,SO46737,354,9
08/07/2015,14/06/2002,SO46743,373,9
08/07/2015,23/05/2002,SO46741,370,6
08/07/2015,21/05/2002,SO46739,373,10
08/07/2015,26/03/2002,SO46740,379,1
08/07/2015,25/04/2002,SO46742,358,6
08/07/2015,05/06/2002,SO46744,370,9
09/07/2015,19/05/2002,SO46746,368,4
09/07/2015,11/04/2002,SO46749,354,9
09/07/2015,31/05/2002,SO46745,369,1
09/07/2015,29/04/2002,SO46748,360,4
09/07/2015,06/04/2002,SO46747,360,1
10/07/2015,04/06/2002,SO46754,320,9
10/07/2015,07/04/2002,SO46755,342,9
10/07/2015,24/05/2002,SO46752,342,8
10/07/2015,26/04/2002,SO46750,377,10
10/07/2015,22/03/2002,SO46751,377,4
10/07/2015,01/06/2002,SO46753,379,9
10/07/2015,20/04/2002,SO46756,383,4
11/07/2015,21/03/2002,SO46765,332,4
11/07/2015,22/04/2002,SO46768,338,9
11/07/2015,24/06/2002,SO46760,387,4
11/07/2015,19/05/2002,SO46761,324,8
11/07/2015,31/05/2002,SO46759,373,10
11/07/2015,13/05/2002,SO46767,362,9
11/07/2015,25/05/2002,SO46757,354,1
11/07/2015,25/05/2002,SO46762,368,1
11/07/2015,19/03/2002,SO46764,360,4
11/07/2015,29/05/2002,SO46758,387,8
11/07/2015,20/05/2002,SO46766,369,9
11/07/2015,13/05/2002,SO46763,375,4
12/07/2015,10/04/2002,SO46771,377,4
12/07/2015,29/04/2002,SO46770,370,8
12/07/2015,24/04/2002,SO46773,371,1
12/07/2015,08/06/2002,SO46774,375,4
12/07/2015,22/03/2002,SO46772,375,1
12/07/2015,05/05/2002,SO46776,360,9
12/07/2015,21/06/2002,SO46769,377,10
13/07/2015,16/06/2002,SO46777,356,10
13/07/2015,25/06/2002,SO46778,352,10
13/07/2015,20/03/2002,SO46786,354,4
13/07/2015,21/06/2002,SO46787,332,4
13/07/2015,29/03/2002,SO46785,373,4
13/07/2015,30/03/2002,SO46779,377,10
13/07/2015,21/04/2002,SO46782,371,4
13/07/2015,03/06/2002,SO46784,375,1
13/07/2015,30/04/2002,SO46780,379,4
13/07/2015,09/05/2002,SO46781,379,1
13/07/2015,21/04/2002,SO46788,358,9
13/07/2015,28/04/2002,SO46783,336,7
14/07/2015,09/06/2002,SO46798,368,9
14/07/2015,21/05/2002,SO46791,369,1
14/07/2015,31/03/2002,SO46795,362,4
14/07/2015,28/04/2002,SO46793,375,1
14/07/2015,28/05/2002,SO46790,379,1
14/07/2015,12/05/2002,SO46792,373,1
14/07/2015,10/05/2002,SO46797,371,9
14/07/2015,26/06/2002,SO46794,373,6
14/07/2015,01/06/2002,SO46796,360,4
15/07/2015,12/06/2002,SO46801,368,6
15/07/2015,30/06/2002,SO46800,370,4
15/07/2015,23/03/2002,SO46802,336,1
15/07/2015,20/06/2002,SO46799,371,7
16/07/2015,18/06/2002,SO46807,354,9
16/07/2015,09/05/2002,SO46803,379,7
16/07/2015,17/04/2002,SO46804,322,7
16/07/2015,21/06/2002,SO46805,373,1
16/07/2015,12/05/2002,SO46806,370,9
16/07/2015,22/06/2002,SO46808,360,9
17/07/2015,29/05/2002,SO46812,371,1
17/07/2015,02/07/2002,SO46816,370,1
17/07/2015,24/05/2002,SO46819,368,9
17/07/2015,18/05/2002,SO46813,379,4
17/07/2015,01/07/2002,SO46809,371,7
17/07/2015,12/06/2002,SO46818,369,9
17/07/2015,02/06/2002,SO46817,356,4
17/07/2015,06/04/2002,SO46815,375,6
17/07/2015,30/05/2002,SO46811,369,1
17/07/2015,23/04/2002,SO46814,371,4
17/07/2015,27/04/2002,SO46810,370,8
18/07/2015,11/04/2002,SO46821,377,6
18/07/2015,19/06/2002,SO46825,354,9
18/07/2015,01/05/2002,SO46820,352,7
18/07/2015,11/05/2002,SO46826,360,9
18/07/2015,21/04/2002,SO46822,324,4
18/07/2015,02/06/2002,SO46824,385,9
18/07/2015,22/04/2002,SO46823,322,4
19/07/2015,10/05/2002,SO46827,373,7
19/07/2015,29/06/2002,SO46831,369,1
19/07/2015,20/06/2002,SO46834,379,4
19/07/2015,06/04/2002,SO46829,369,6
19/07/2015,15/04/2002,SO46832,352,6
19/07/2015,06/04/2002,SO46830,336,8
19/07/2015,13/05/2002,SO46828,385,1
20/07/2015,05/06/2002,SO46837,381,1
20/07/2015,08/04/2002,SO46836,377,7
20/07/2015,02/04/2002,SO46843,375,9
20/07/2015,14/06/2002,SO46841,371,1
20/07/2015,06/05/2002,SO46844,358,9
20/07/2015,31/05/2002,SO46842,320,4
20/07/2015,29/06/2002,SO46840,369,4
20/07/2015,14/06/2002,SO46835,371,7
20/07/2015,28/04/2002,SO46839,375,6
21/07/2015,23/04/2002,SO46846,373,7
21/07/2015,29/05/2002,SO46851,360,6
21/07/2015,07/04/2002,SO46849,370,6
21/07/2015,09/04/2002,SO46852,332,4
21/07/2015,25/05/2002,SO46845,358,10
21/07/2015,27/03/2002,SO46847,371,7
21/07/2015,14/06/2002,SO46854,375,9
21/07/2015,19/04/2002,SO46850,370,4
21/07/2015,03/07/2002,SO46853,368,9
21/07/2015,02/05/2002,SO46848,371,10
22/07/2015,27/03/2002,SO46861,377,9
22/07/2015,05/05/2002,SO46857,371,1
22/07/2015,03/07/2002,SO46855,379,8
22/07/2015,07/07/2002,SO46859,370,4
22/07/2015,08/05/2002,SO46860,371,9
22/07/2015,02/05/2002,SO46858,370,1
22/07/2015,24/06/2002,SO46856,370,4
23/07/2015,10/05/2002,SO46862,362,10
23/07/2015,16/05/2002,SO46865,375,8
23/07/2015,29/06/2002,SO46864,373,10
23/07/2015,08/05/2002,SO46868,369,4
23/07/2015,16/06/2002,SO46863,362,10
23/07/2015,01/06/2002,SO46867,377,1
23/07/2015,23/06/2002,SO46866,369,4
24/07/2015,03/07/2002,SO46874,381,9
24/07/2015,13/05/2002,SO46870,368,7
24/07/2015,18/06/2002,SO46873,377,9
24/07/2015,15/04/2002,SO46871,370,7
24/07/2015,30/06/2002,SO46869,379,7
25/07/2015,04/05/2002,SO46876,375,8
25/07/2015,26/04/2002,SO46881,354,9
25/07/2015,08/06/2002,SO46879,379,1
25/07/2015,16/05/2002,SO46883,352,4
25/07/2015,03/07/2002,SO46875,362,8
25/07/2015,13/05/2002,SO46878,369,6
25/07/2015,21/05/2002,SO46877,370,4
25/07/2015,19/05/2002,SO46880,334,1
25/07/2015,01/04/2002,SO46882,342,9
26/07/2015,12/05/2002,SO46885,373,10
26/07/2015,08/07/2002,SO46886,377,6
26/07/2015,08/06/2002,SO46888,324,9
26/07/2015,24/05/2002,SO46887,362,9
26/07/2015,07/06/2002,SO46884,368,7
27/07/2015,19/05/2002,SO46895,354,4
27/07/2015,23/04/2002,SO46892,370,1
27/07/2015,04/05/2002,SO46898,369,9
27/07/2015,28/04/2002,SO46897,368,9
27/07/2015,08/07/2002,SO46891,324,10
27/07/2015,16/06/2002,SO46896,332,1
27/07/2015,08/07/2002,SO46889,383,10
27/07/2015,25/05/2002,SO46894,356,4
27/07/2015,29/04/2002,SO46893,369,6
27/07/2015,05/05/2002,SO46890,368,4
28/07/2015,08/04/2002,SO46899,381,4
28/07/2015,09/04/2002,SO46902,375,9
28/07/2015,06/04/2002,SO46903,354,9
28/07/2015,21/06/2002,SO46901,375,9
28/07/2015,12/04/2002,SO46900,375,9
29/07/2015,17/06/2002,SO46908,370,9
29/07/2015,07/04/2002,SO46909,379,9
29/07/2015,06/06/2002,SO46905,375,10
29/07/2015,09/06/2002,SO46907,368,1
29/07/2015,09/06/2002,SO46904,387,7
29/07/2015,18/05/2002,SO46906,368,1
30/07/2015,01/06/2002,SO46910,330,10
30/07/2015,11/05/2002,SO46914,356,4
30/07/2015,05/07/2002,SO46919,362,8
30/07/2015,06/07/2002,SO46915,362,1
30/07/2015,14/05/2002,SO46916,328,4
30/07/2015,28/04/2002,SO46918,342,9
30/07/2015,29/05/2002,SO46913,375,4
30/07/2015,05/05/2002,SO46911,377,6
30/07/2015,02/04/2002,SO46912,377,1
30/07/2015,10/05/2002,SO46917,371,9
31/07/2015,29/05/2002,SO46924,375,1
31/07/2015,30/06/2002,SO46920,362,10
31/07/2015,09/06/2002,SO46921,371,8
31/07/2015,10/04/2002,SO46927,362,9
31/07/2015,03/04/2002,SO46923,369,4
31/07/2015,14/06/2002,SO46928,356,9
31/07/2015,04/06/2002,SO46922,368,1
31/07/2015,25/04/2002,SO46926,377,9
31/07/2015,16/04/2002,SO46925,373,9
01/08/2015,10/05/2002,SO47074,362,1
01/08/2015,07/05/2002,SO47069,383,4
01/08/2015,20/04/2002,SO47068,370,4
01/08/2015,15/05/2002,SO47071,369,8
01/08/2015,21/04/2002,SO47075,360,9
01/08/2015,06/04/2002,SO47073,369,6
01/08/2015,19/05/2002,SO47070,387,1
01/08/2015,21/04/2002,SO47072,340,8
01/08/2015,15/06/2002,SO47076,362,9
02/08/2015,19/04/2002,SO47084,370,9
02/08/2015,18/06/2002,SO47082,322,5
02/08/2015,21/04/2002,SO47081,340,4
02/08/2015,09/04/2002,SO47079,375,4
02/08/2015,11/05/2002,SO47078,375,1
02/08/2015,30/05/2002,SO47080,360,4
02/08/2015,28/05/2002,SO47077,369,10
02/08/2015,12/05/2002,SO47083,328,4
03/08/2015,19/04/2002,SO47085,379,10
03/08/2015,29/06/2002,SO47090,377,9
03/08/2015,16/06/2002,SO47089,340,4
03/08/2015,16/04/2002,SO47088,369,1
03/08/2015,15/07/2002,SO47087,377,1
04/08/2015,18/07/2002,SO47095,370,6
04/08/2015,11/05/2002,SO47092,369,6
04/08/2015,14/04/2002,SO47099,324,9
04/08/2015,01/05/2002,SO47097,370,9
04/08/2015,29/05/2002,SO47094,377,8
04/08/2015,28/06/2002,SO47093,369,4
04/08/2015,01/05/2002,SO47098,360,9
04/08/2015,06/05/2002,SO47091,354,7
05/08/2015,18/07/2002,SO47105,371,1
05/08/2015,29/06/2002,SO47101,371,10
05/08/2015,02/05/2002,SO47106,369,6
05/08/2015,14/07/2002,SO47102,370,1
05/08/2015,12/04/2002,SO47100,360,10
05/08/2015,20/07/2002,SO47103,368,1
05/08/2015,12/04/2002,SO47104,379,4
06/08/2015,17/06/2002,SO47112,356,6
06/08/2015,15/06/2002,SO47115,370,9
06/08/2015,07/07/2002,SO47107,352,10
06/08/2015,24/04/2002,SO47113,342,4
06/08/2015,09/05/2002,SO47109,375,6
06/08/2015,23/05/2002,SO47118,362,7
06/08/2015,29/05/2002,SO47117,354,9
06/08/2015,10/07/2002,SO47111,369,6
06/08/2015,30/05/2002,SO47108,369,7
06/08/2015,18/07/2002,SO47110,370,6
06/08/2015,25/05/2002,SO47114,373,9
06/08/2015,27/04/2002,SO47116,387,9
07/08/2015,20/04/2002,SO47127,371,9
07/08/2015,26/06/2002,SO47126,371,4
07/08/2015,03/07/2002,SO47120,381,4
07/08/2015,24/05/2002,SO47129,352,9
07/08/2015,27/04/2002,SO47119,368,10
07/08/2015,13/06/2002,SO47122,371,4
07/08/2015,25/05/2002,SO47128,368,9
07/08/2015,25/04/2002,SO47121,375,6
07/08/2015,27/06/2002,SO47123,371,6
07/08/2015,09/06/2002,SO47125,375,4
07/08/2015,27/05/2002,SO47124,371,1
08/08/2015,15/04/2002,SO47131,371,1
08/08/2015,29/06/2002,SO47133,379,4
08/08/2015,22/05/2002,SO47130,375,10
08/08/2015,01/05/2002,SO47132,375,1
08/08/2015,13/07/2002,SO47134,354,1
08/08/2015,04/05/2002,SO47136,379,9
08/08/2015,10/07/2002,SO47135,342,6
08/08/2015,27/05/2002,SO47137,371,4
09/08/2015,23/05/2002,SO47142,369,9
09/08/2015,04/05/2002,SO47144,342,9
09/08/2015,09/07/2002,SO47139,375,4
09/08/2015,15/04/2002,SO47145,338,9
09/08/2015,20/06/2002,SO47141,371,9
09/08/2015,17/07/2002,SO47140,356,4
09/08/2015,06/05/2002,SO47143,362,9
09/08/2015,29/05/2002,SO47138,379,10
10/08/2015,26/06/2002,SO47148,377,9
10/08/2015,23/07/2002,SO47147,375,4
10/08/2015,21/04/2002,SO47149,360,9
10/08/2015,26/06/2002,SO47146,389,8
11/08/2015,19/06/2002,SO47151,370,6
11/08/2015,28/06/2002,SO47152,360,7
11/08/2015,30/05/2002,SO47150,370,8
11/08/2015,08/06/2002,SO47154,334,9
11/08/2015,28/06/2002,SO47153,320,9
12/08/2015,22/07/2002,SO47163,362,9
12/08/2015,15/07/2002,SO47162,371,9
12/08/2015,14/04/2002,SO47159,362,4
12/08/2015,12/05/2002,SO47161,375,9
12/08/2015,28/07/2002,SO47155,370,7
12/08/2015,30/05/2002,SO47158,360,4
12/08/2015,06/05/2002,SO47160,369,9
12/08/2015,24/06/2002,SO47157,369,6
12/08/2015,16/04/2002,SO47156,373,6
13/08/2015,17/04/2002,SO47174,354,9
13/08/2015,20/07/2002,SO47170,377,9
13/08/2015,10/06/2002,SO47166,368,8
13/08/2015,26/04/2002,SO47171,373,9
13/08/2015,19/05/2002,SO47168,377,1
13/08/2015,02/06/2002,SO47173,356,9
13/08/2015,15/07/2002,SO47169,352,4
13/08/2015,19/07/2002,SO47175,368,7
13/08/2015,18/06/2002,SO47167,375,1
13/08/2015,29/05/2002,SO47165,370,8
13/08/2015,07/06/2002,SO47172,352,9
13/08/2015,29/04/2002,SO47164,360,10
14/08/2015,06/07/2002,SO47180,370,4
14/08/2015,10/06/2002,SO47184,379,9
14/08/2015,13/07/2002,SO47178,383,1
14/08/2015,29/07/2002,SO47185,356,10
14/08/2015,26/06/2002,SO47181,368,4
14/08/2015,25/04/2002,SO47182,354,1
14/08/2015,30/07/2002,SO47179,377,6
14/08/2015,18/04/2002,SO47183,334,4
14/08/2015,07/06/2002,SO47177,381,1
14/08/2015,23/06/2002,SO47176,358,8
15/08/2015,01/05/2002,SO47186,371,7
15/08/2015,26/06/2002,SO47189,373,6
15/08/2015,03/05/2002,SO47196,362,4
15/08/2015,11/06/2002,SO47188,389,10
15/08/2015,05/05/2002,SO47195,371,1
15/08/2015,24/04/2002,SO47193,328,8
15/08/2015,09/05/2002,SO47192,371,10
15/08/2015,25/06/2002,SO47187,385,8
15/08/2015,05/06/2002,SO47194,377,1
15/08/2015,12/06/2002,SO47191,379,4
15/08/2015,01/07/2002,SO47190,369,6
15/08/2015,25/04/2002,SO47197,377,9
16/08/2015,13/05/2002,SO47198,370,7
16/08/2015,23/05/2002,SO47201,356,1
16/08/2015,07/06/2002,SO47202,356,1
16/08/2015,03/07/2002,SO47199,322,8
16/08/2015,08/05/2002,SO47200,373,4
17/08/2015,04/06/2002,SO47212,360,9
17/08/2015,20/06/2002,SO47209,370,9
17/08/2015,09/05/2002,SO47206,332,4
17/08/2015,09/06/2002,SO47207,336,6
17/08/2015,30/04/2002,SO47211,362,9
17/08/2015,28/04/2002,SO47205,352,4
17/08/2015,08/05/2002,SO47210,389,9
17/08/2015,28/07/2002,SO47208,369,9
17/08/2015,31/05/2002,SO47203,370,6
17/08/2015,29/05/2002,SO47204,377,6
18/08/2015,17/07/2002,SO47214,389,10
18/08/2015,27/05/2002,SO47219,362,9
18/08/2015,09/07/2002,SO47217,375,9
18/08/2015,23/07/2002,SO47213,377,10
18/08/2015,13/07/2002,SO47215,368,6
18/08/2015,29/06/2002,SO47220,358,9
18/08/2015,11/05/2002,SO47218,369,9
18/08/2015,24/06/2002,SO47216,360,1
19/08/2015,08/07/2002,SO47224,369,8
19/08/2015,11/06/2002,SO47228,375,4
19/08/2015,08/06/2002,SO47223,370,6
19/08/2015,08/06/2002,SO47226,368,4
19/08/2015,12/07/2002,SO47227,375,6
19/08/2015,05/07/2002,SO47231,362,8
19/08/2015,29/07/2002,SO47221,370,7
19/08/2015,28/04/2002,SO47230,371,9
19/08/2015,17/05/2002,SO47225,375,1
19/08/2015,30/06/2002,SO47222,381,6
19/08/2015,01/05/2002,SO47229,358,1
20/08/2015,02/07/2002,SO47238,370,10
20/08/2015,01/08/2002,SO47236,385,4
20/08/2015,21/06/2002,SO47233,379,10
20/08/2015,15/05/2002,SO47243,338,10
20/08/2015,25/06/2002,SO47240,381,9
20/08/2015,23/05/2002,SO47235,375,10
20/08/2015,24/04/2002,SO47234,389,10
20/08/2015,11/07/2002,SO47242,362,7
20/08/2015,23/05/2002,SO47237,368,6
20/08/2015,27/04/2002,SO47241,368,9
20/08/2015,27/07/2002,SO47239,371,9
20/08/2015,24/05/2002,SO47232,373,8
21/08/2015,02/08/2002,SO47250,379,9
21/08/2015,26/04/2002,SO47251,377,9
21/08/2015,10/07/2002,SO47245,375,10
21/08/2015,26/04/2002,SO47249,377,1
21/08/2015,24/04/2002,SO47246,342,10
21/08/2015,05/05/2002,SO47253,356,9
21/08/2015,15/05/2002,SO47252,352,9
21/08/2015,22/05/2002,SO47248,375,4
21/08/2015,10/06/2002,SO47244,385,10
21/08/2015,11/05/2002,SO47247,371,1
22/08/2015,17/07/2002,SO47257,368,7
22/08/2015,17/05/2002,SO47258,377,4
22/08/2015,20/06/2002,SO47255,358,8
22/08/2015,04/07/2002,SO47261,362,1
22/08/2015,20/05/2002,SO47262,379,9
22/08/2015,08/07/2002,SO47259,375,1
22/08/2015,18/06/2002,SO47254,332,4
22/08/2015,09/07/2002,SO47256,373,10
22/08/2015,20/06/2002,SO47260,375,1
22/08/2015,08/05/2002,SO47263,358,9
23/08/2015,07/06/2002,SO47266,377,9
23/08/2015,24/06/2002,SO47267,352,9
23/08/2015,10/05/2002,SO47265,375,4
23/08/2015,04/06/2002,SO47264,368,10
23/08/2015,17/07/2002,SO47268,375,9
24/08/2015,16/07/2002,SO47271,381,8
24/08/2015,23/05/2002,SO47277,371,9
24/08/2015,28/06/2002,SO47269,362,7
24/08/2015,12/05/2002,SO47272,371,6
24/08/2015,23/05/2002,SO47279,362,9
24/08/2015,17/07/2002,SO47275,338,7
24/08/2015,29/06/2002,SO47270,360,7
24/08/2015,04/08/2002,SO47273,368,4
24/08/2015,02/07/2002,SO47278,379,9
24/08/2015,14/06/2002,SO47276,342,4
25/08/2015,22/07/2002,SO47285,373,6
25/08/2015,18/06/2002,SO47287,375,1
25/08/2015,03/06/2002,SO47283,373,8
25/08/2015,13/06/2002,SO47282,381,10
25/08/2015,24/07/2002,SO47280,352,10
25/08/2015,12/06/2002,SO47284,368,4
25/08/2015,26/05/2002,SO47289,360,1
25/08/2015,27/07/2002,SO47281,389,7
25/08/2015,16/07/2002,SO47286,328,8
25/08/2015,11/05/2002,SO47288,373,1
25/08/2015,28/07/2002,SO47290,368,9
26/08/2015,17/06/2002,SO47300,336,10
26/08/2015,23/06/2002,SO47297,377,1
26/08/2015,28/07/2002,SO47293,385,10
26/08/2015,05/05/2002,SO47296,385,4
26/08/2015,17/07/2002,SO47294,383,8
26/08/2015,28/07/2002,SO47298,371,1
26/08/2015,11/08/2002,SO47299,369,1
26/08/2015,29/06/2002,SO47291,371,10
26/08/2015,30/05/2002,SO47301,358,1
26/08/2015,08/07/2002,SO47295,387,4
26/08/2015,27/06/2002,SO47303,322,9
26/08/2015,12/05/2002,SO47292,379,7
26/08/2015,29/06/2002,SO47302,360,9
27/08/2015,13/07/2002,SO47309,377,4
27/08/2015,30/04/2002,SO47313,373,9
27/08/2015,22/07/2002,SO47314,362,9
27/08/2015,05/06/2002,SO47310,354,4
27/08/2015,30/07/2002,SO47307,334,10
27/08/2015,21/06/2002,SO47311,332,1
27/08/2015,23/06/2002,SO47305,369,6
27/08/2015,16/06/2002,SO47312,332,4
27/08/2015,24/05/2002,SO47304,379,10
27/08/2015,04/07/2002,SO47308,326,10
27/08/2015,30/05/2002,SO47306,369,6
28/08/2015,28/06/2002,SO47316,369,1
28/08/2015,30/04/2002,SO47318,375,4
28/08/2015,09/05/2002,SO47321,373,1
28/08/2015,17/05/2002,SO47320,377,4
28/08/2015,06/08/2002,SO47322,342,1
28/08/2015,25/06/2002,SO47315,379,7
28/08/2015,13/08/2002,SO47319,370,4
28/08/2015,04/07/2002,SO47317,379,7
29/08/2015,12/08/2002,SO47328,360,9
29/08/2015,14/05/2002,SO47326,379,4
29/08/2015,13/06/2002,SO47325,373,4
29/08/2015,19/06/2002,SO47324,377,4
29/08/2015,30/05/2002,SO47327,377,1
29/08/2015,05/05/2002,SO47323,362,7
30/08/2015,23/06/2002,SO47332,356,6
30/08/2015,14/08/2002,SO47331,332,10
30/08/2015,09/07/2002,SO47330,369,10
30/08/2015,17/07/2002,SO47334,369,9
30/08/2015,08/08/2002,SO47335,356,9
30/08/2015,26/05/2002,SO47333,368,9
30/08/2015,04/07/2002,SO47336,338,9
30/08/2015,03/08/2002,SO47329,379,1
31/08/2015,20/06/2002,SO47347,320,9
31/08/2015,08/06/2002,SO47343,379,9
31/08/2015,31/07/2002,SO47342,360,1
31/08/2015,19/07/2002,SO47348,330,9
31/08/2015,04/05/2002,SO47338,373,10
31/08/2015,19/06/2002,SO47339,371,8
31/08/2015,24/07/2002,SO47340,369,4
31/08/2015,13/08/2002,SO47346,360,9
31/08/2015,24/06/2002,SO47341,368,6
31/08/2015,25/06/2002,SO47337,354,7
31/08/2015,22/05/2002,SO47344,354,9
31/08/2015,20/07/2002,SO47345,356,9
01/09/2015,06/08/2002,SO47461,356,4
01/09/2015,27/07/2002,SO47460,320,7
02/09/2015,13/07/2002,SO47462,375,8
02/09/2015,04/08/2002,SO47465,340,4
02/09/2015,24/06/2002,SO47468,328,9
02/09/2015,12/08/2002,SO47467,371,4
02/09/2015,19/06/2002,SO47466,381,9
02/09/2015,23/06/2002,SO47464,370,10
02/09/2015,05/08/2002,SO47463,373,7
03/09/2015,17/05/2002,SO47474,379,9
03/09/2015,29/05/2002,SO47471,370,7
03/09/2015,04/06/2002,SO47473,369,9
03/09/2015,06/07/2002,SO47472,379,1
03/09/2015,07/05/2002,SO47469,383,10
03/09/2015,11/08/2002,SO47470,358,7
03/09/2015,16/07/2002,SO47475,369,9
03/09/2015,25/06/2002,SO47476,352,9
04/09/2015,21/06/2002,SO47482,370,9
04/09/2015,05/06/2002,SO47478,324,10
04/09/2015,23/07/2002,SO47480,371,9
04/09/2015,25/05/2002,SO47479,330,10
04/09/2015,01/06/2002,SO47481,373,9
04/09/2015,22/06/2002,SO47477,352,7
05/09/2015,19/06/2002,SO47485,371,7
05/09/2015,25/06/2002,SO47486,377,7
05/09/2015,04/08/2002,SO47483,379,7
06/09/2015,21/07/2002,SO47489,368,9
06/09/2015,25/05/2002,SO47490,371,9
06/09/2015,20/07/2002,SO47487,377,10
06/09/2015,02/07/2002,SO47488,379,4
07/09/2015,05/07/2002,SO47492,334,7
07/09/2015,16/08/2002,SO47491,369,8
08/09/2015,17/06/2002,SO47498,324,6
08/09/2015,14/08/2002,SO47493,358,7
08/09/2015,27/07/2002,SO47494,373,8
08/09/2015,24/07/2002,SO47501,360,10
08/09/2015,24/08/2002,SO47495,368,8
08/09/2015,25/06/2002,SO47500,369,9
08/09/2015,20/07/2002,SO47499,377,9
08/09/2015,13/07/2002,SO47497,370,7
08/09/2015,04/06/2002,SO47496,371,10
09/09/2015,28/06/2002,SO47505,352,4
09/09/2015,20/05/2002,SO47507,332,1
09/09/2015,13/08/2002,SO47503,383,10
09/09/2015,14/05/2002,SO47506,354,1
09/09/2015,06/07/2002,SO47504,360,8
09/09/2015,11/07/2002,SO47508,370,9
09/09/2015,29/07/2002,SO47509,368,9
09/09/2015,11/08/2002,SO47510,352,9
09/09/2015,17/05/2002,SO47502,383,10
10/09/2015,10/07/2002,SO47517,342,4
10/09/2015,29/05/2002,SO47511,375,7
10/09/2015,16/07/2002,SO47513,368,8
10/09/2015,01/06/2002,SO47516,362,4
10/09/2015,16/06/2002,SO47512,373,10
10/09/2015,11/06/2002,SO47518,373,9
10/09/2015,10/08/2002,SO47519,336,9
10/09/2015,25/08/2002,SO47515,354,1
10/09/2015,27/07/2002,SO47514,377,8
11/09/2015,13/06/2002,SO47527,360,7
11/09/2015,04/07/2002,SO47521,369,10
11/09/2015,18/07/2002,SO47524,370,9
11/09/2015,07/06/2002,SO47523,371,1
11/09/2015,25/08/2002,SO47522,387,4
11/09/2015,28/06/2002,SO47526,354,10
11/09/2015,29/07/2002,SO47520,389,10
11/09/2015,28/07/2002,SO47525,379,9
12/09/2015,11/06/2002,SO47530,328,4
12/09/2015,04/06/2002,SO47531,338,1
12/09/2015,16/06/2002,SO47529,377,4
12/09/2015,30/07/2002,SO47533,371,9
12/09/2015,26/08/2002,SO47528,352,8
12/09/2015,29/05/2002,SO47534,328,9
12/09/2015,11/06/2002,SO47532,383,9
13/09/2015,26/05/2002,SO47536,387,1
13/09/2015,13/06/2002,SO47542,373,9
13/09/2015,04/07/2002,SO47539,328,10
13/09/2015,08/06/2002,SO47541,340,4
13/09/2015,02/07/2002,SO47537,371,1
13/09/2015,06/08/2002,SO47543,377,9
13/09/2015,22/05/2002,SO47544,358,9
13/09/2015,15/07/2002,SO47538,379,1
13/09/2015,09/07/2002,SO47535,385,1
13/09/2015,31/07/2002,SO47545,354,7
13/09/2015,04/07/2002,SO47540,362,4
14/09/2015,26/07/2002,SO47549,342,7
14/09/2015,21/05/2002,SO47552,368,9
14/09/2015,09/07/2002,SO47548,330,10
14/09/2015,09/06/2002,SO47551,371,9
14/09/2015,24/06/2002,SO47550,336,1
14/09/2015,25/05/2002,SO47554,362,10
14/09/2015,13/06/2002,SO47546,360,7
14/09/2015,15/07/2002,SO47553,354,9
14/09/2015,27/07/2002,SO47555,368,8
15/09/2015,20/06/2002,SO47559,362,9
15/09/2015,27/06/2002,SO47557,377,1
15/09/2015,08/07/2002,SO47558,370,6
15/09/2015,23/06/2002,SO47556,379,7
16/09/2015,25/05/2002,SO47564,356,10
16/09/2015,17/07/2002,SO47562,377,9
16/09/2015,23/07/2002,SO47561,320,4
16/09/2015,05/08/2002,SO47563,368,9
16/09/2015,23/06/2002,SO47560,324,6
17/09/2015,05/08/2002,SO47567,379,9
17/09/2015,28/08/2002,SO47569,379,9
17/09/2015,13/07/2002,SO47565,377,8
17/09/2015,31/08/2002,SO47568,375,9
17/09/2015,22/07/2002,SO47566,389,9
18/09/2015,02/06/2002,SO47572,368,6
18/09/2015,28/06/2002,SO47574,332,8
18/09/2015,24/05/2002,SO47576,377,9
18/09/2015,16/08/2002,SO47577,370,9
18/09/2015,24/06/2002,SO47571,377,7
18/09/2015,07/06/2002,SO47578,352,9
18/09/2015,12/06/2002,SO47570,352,7
18/09/2015,02/07/2002,SO47575,362,4
18/09/2015,30/06/2002,SO47573,369,4
19/09/2015,29/07/2002,SO47587,371,9
19/09/2015,19/07/2002,SO47584,340,7
19/09/2015,27/07/2002,SO47580,389,1
19/09/2015,23/05/2002,SO47585,328,1
19/09/2015,29/05/2002,SO47586,326,1
19/09/2015,30/06/2002,SO47579,371,8
19/09/2015,20/08/2002,SO47582,373,4
19/09/2015,12/07/2002,SO47583,379,1
19/09/2015,04/07/2002,SO47581,375,6
20/09/2015,24/05/2002,SO47589,383,1
20/09/2015,20/07/2002,SO47594,342,9
20/09/2015,14/08/2002,SO47591,360,4
20/09/2015,31/07/2002,SO47590,356,1
20/09/2015,31/08/2002,SO47593,324,9
20/09/2015,04/09/2002,SO47592,385,9
20/09/2015,16/07/2002,SO47588,379,10
21/09/2015,02/09/2002,SO47599,362,4
21/09/2015,07/07/2002,SO47595,369,7
21/09/2015,05/07/2002,SO47598,358,4
21/09/2015,07/06/2002,SO47597,373,6
21/09/2015,25/07/2002,SO47596,373,8
22/09/2015,27/05/2002,SO47600,389,7
22/09/2015,27/06/2002,SO47603,379,9
22/09/2015,17/08/2002,SO47602,322,7
22/09/2015,14/08/2002,SO47604,375,9
22/09/2015,11/06/2002,SO47601,379,7
23/09/2015,24/08/2002,SO47605,389,7
23/09/2015,06/08/2002,SO47609,334,4
23/09/2015,14/07/2002,SO47611,330,9
23/09/2015,20/06/2002,SO47610,338,6
23/09/2015,28/07/2002,SO47608,352,1
23/09/2015,23/08/2002,SO47607,389,4
23/09/2015,04/06/2002,SO47606,375,8
24/09/2015,02/06/2002,SO47620,352,10
24/09/2015,13/07/2002,SO47614,330,4
24/09/2015,25/08/2002,SO47615,342,4
24/09/2015,30/07/2002,SO47617,377,9
24/09/2015,24/08/2002,SO47618,379,9
24/09/2015,13/06/2002,SO47612,369,10
24/09/2015,19/08/2002,SO47616,371,9
24/09/2015,20/07/2002,SO47613,387,4
24/09/2015,22/08/2002,SO47619,356,9
25/09/2015,18/08/2002,SO47623,369,9
25/09/2015,04/06/2002,SO47624,371,9
25/09/2015,06/09/2002,SO47622,338,10
25/09/2015,28/06/2002,SO47625,377,9
25/09/2015,01/09/2002,SO47626,320,9
25/09/2015,29/07/2002,SO47621,385,4
26/09/2015,05/09/2002,SO47630,354,1
26/09/2015,14/08/2002,SO47633,371,9
26/09/2015,12/06/2002,SO47627,370,10
26/09/2015,29/07/2002,SO47635,354,10
26/09/2015,14/08/2002,SO47634,356,8
26/09/2015,27/08/2002,SO47632,342,6
26/09/2015,25/07/2002,SO47636,330,9
26/09/2015,04/07/2002,SO47629,370,8
26/09/2015,31/07/2002,SO47631,352,1
26/09/2015,10/07/2002,SO47628,369,10
27/09/2015,27/08/2002,SO47639,328,4
27/09/2015,12/07/2002,SO47637,371,4
27/09/2015,16/08/2002,SO47638,362,4
28/09/2015,16/07/2002,SO47640,354,1
28/09/2015,12/06/2002,SO47641,320,6
29/09/2015,26/06/2002,SO47648,356,10
29/09/2015,06/07/2002,SO47647,368,9
29/09/2015,27/08/2002,SO47644,375,8
29/09/2015,03/07/2002,SO47645,375,7
29/09/2015,13/09/2002,SO47646,352,6
29/09/2015,27/06/2002,SO47643,389,10
29/09/2015,16/08/2002,SO47642,383,7
30/09/2015,26/08/2002,SO47651,377,6
30/09/2015,29/08/2002,SO47654,387,9
30/09/2015,30/06/2002,SO47656,368,9
30/09/2015,14/06/2002,SO47649,377,10
30/09/2015,25/08/2002,SO47655,385,9
30/09/2015,22/08/2002,SO47653,324,8
30/09/2015,25/06/2002,SO47657,326,9
30/09/2015,10/09/2002,SO47652,332,10
30/09/2015,19/06/2002,SO47650,370,10
01/10/2015,13/09/2002,SO47738,326,9
01/10/2015,02/09/2002,SO47736,358,9
01/10/2015,08/08/2002,SO47733,375,4
01/10/2015,03/06/2002,SO47737,356,9
01/10/2015,03/06/2002,SO47735,342,6
01/10/2015,12/09/2002,SO47732,369,4
01/10/2015,09/09/2002,SO47734,332,4
01/10/2015,31/07/2002,SO47731,362,10
02/10/2015,12/07/2002,SO47743,362,9
02/10/2015,12/06/2002,SO47744,360,9
02/10/2015,12/08/2002,SO47741,336,4
02/10/2015,12/07/2002,SO47739,328,10
02/10/2015,07/07/2002,SO47742,375,9
02/10/2015,28/07/2002,SO47745,360,9
02/10/2015,16/08/2002,SO47740,324,4
02/10/2015,20/08/2002,SO47746,358,9
03/10/2015,22/08/2002,SO47747,371,8
03/10/2015,11/09/2002,SO47749,371,9
03/10/2015,14/06/2002,SO47751,369,9
03/10/2015,12/06/2002,SO47750,369,9
03/10/2015,27/06/2002,SO47748,352,1
03/10/2015,22/08/2002,SO47753,360,9
03/10/2015,12/09/2002,SO47752,377,9
04/10/2015,16/09/2002,SO47755,387,7
04/10/2015,22/07/2002,SO47758,371,10
04/10/2015,16/08/2002,SO47760,371,4
04/10/2015,27/07/2002,SO47756,354,10
04/10/2015,07/07/2002,SO47759,375,7
04/10/2015,27/06/2002,SO47757,379,10
05/10/2015,23/06/2002,SO47763,379,9
05/10/2015,13/09/2002,SO47762,352,1
05/10/2015,06/07/2002,SO47761,324,8
06/10/2015,09/09/2002,SO47766,358,4
06/10/2015,29/06/2002,SO47768,371,9
06/10/2015,30/08/2002,SO47767,381,9
06/10/2015,07/09/2002,SO47765,360,1
06/10/2015,05/09/2002,SO47764,356,7
06/10/2015,17/06/2002,SO47769,360,9
06/10/2015,03/08/2002,SO47770,342,9
07/10/2015,28/07/2002,SO47773,324,4
07/10/2015,05/07/2002,SO47775,369,9
07/10/2015,16/07/2002,SO47776,352,9
07/10/2015,19/09/2002,SO47774,332,4
07/10/2015,16/08/2002,SO47771,377,9
07/10/2015,21/08/2002,SO47772,369,9
08/10/2015,17/08/2002,SO47781,379,6
08/10/2015,18/08/2002,SO47778,354,10
08/10/2015,14/08/2002,SO47782,377,9
08/10/2015,25/07/2002,SO47780,381,4
08/10/2015,21/08/2002,SO47783,371,9
08/10/2015,09/08/2002,SO47784,356,9
08/10/2015,21/07/2002,SO47779,375,8
09/10/2015,23/07/2002,SO47785,356,7
09/10/2015,18/08/2002,SO47786,370,7
09/10/2015,19/08/2002,SO47787,368,10
10/10/2015,22/08/2002,SO47789,375,4
10/10/2015,24/08/2002,SO47790,371,9
10/10/2015,31/07/2002,SO47788,379,10
10/10/2015,10/07/2002,SO47791,358,9
11/10/2015,15/06/2002,SO47792,369,8
11/10/2015,25/07/2002,SO47797,371,9
11/10/2015,02/08/2002,SO47795,379,9
11/10/2015,07/08/2002,SO47794,354,6
11/10/2015,15/09/2002,SO47796,371,9
11/10/2015,08/09/2002,SO47798,354,9
11/10/2015,22/06/2002,SO47793,368,7
12/10/2015,02/08/2002,SO47799,360,10
12/10/2015,15/08/2002,SO47810,332,9
12/10/2015,13/09/2002,SO47800,373,7
12/10/2015,17/08/2002,SO47803,379,9
12/10/2015,10/07/2002,SO47805,379,9
12/10/2015,21/09/2002,SO47806,340,1
12/10/2015,01/07/2002,SO47809,338,9
12/10/2015,17/07/2002,SO47804,370,9
12/10/2015,05/08/2002,SO47801,328,8
12/10/2015,23/09/2002,SO47807,379,10
12/10/2015,16/08/2002,SO47808,342,9
13/10/2015,26/07/2002,SO47818,324,1
13/10/2015,15/08/2002,SO47813,383,1
13/10/2015,11/07/2002,SO47814,360,4
13/10/2015,15/08/2002,SO47812,377,8
13/10/2015,09/09/2002,SO47822,354,9
13/10/2015,21/07/2002,SO47819,375,9
13/10/2015,07/08/2002,SO47823,336,9
13/10/2015,28/07/2002,SO47815,371,9
13/10/2015,30/06/2002,SO47817,371,9
13/10/2015,17/08/2002,SO47816,369,9
13/10/2015,20/09/2002,SO47820,352,9
13/10/2015,17/07/2002,SO47811,352,10
13/10/2015,15/07/2002,SO47821,352,9
14/10/2015,28/08/2002,SO47824,368,8
14/10/2015,07/09/2002,SO47826,370,9
14/10/2015,31/08/2002,SO47827,370,9
14/10/2015,26/09/2002,SO47828,368,9
14/10/2015,29/06/2002,SO47829,352,9
14/10/2015,27/07/2002,SO47825,320,8
15/10/2015,19/09/2002,SO47832,369,1
15/10/2015,25/09/2002,SO47830,383,10
15/10/2015,29/07/2002,SO47834,375,9
15/10/2015,30/06/2002,SO47835,383,9
15/10/2015,23/07/2002,SO47831,362,10
15/10/2015,28/08/2002,SO47833,373,9
16/10/2015,19/08/2002,SO47844,371,9
16/10/2015,23/06/2002,SO47841,362,4
16/10/2015,20/06/2002,SO47837,356,10
16/10/2015,21/09/2002,SO47839,320,10
16/10/2015,22/08/2002,SO47842,322,4
16/10/2015,24/06/2002,SO47840,334,8
16/10/2015,08/09/2002,SO47843,332,4
16/10/2015,18/08/2002,SO47836,356,7
16/10/2015,21/08/2002,SO47838,371,1
17/10/2015,13/07/2002,SO47847,368,8
17/10/2015,14/07/2002,SO47849,322,4
17/10/2015,23/08/2002,SO47845,369,8
17/10/2015,16/08/2002,SO47848,358,4
17/10/2015,02/10/2002,SO47846,368,7
17/10/2015,27/06/2002,SO47850,320,1
18/10/2015,06/08/2002,SO47852,354,4
18/10/2015,17/07/2002,SO47855,354,9
18/10/2015,22/09/2002,SO47856,362,9
18/10/2015,15/08/2002,SO47854,320,4
18/10/2015,06/09/2002,SO47857,360,9
18/10/2015,21/08/2002,SO47851,358,1
18/10/2015,24/06/2002,SO47853,362,1
19/10/2015,08/07/2002,SO47869,326,9
19/10/2015,23/08/2002,SO47858,385,10
19/10/2015,09/07/2002,SO47860,352,1
19/10/2015,30/08/2002,SO47862,379,9
19/10/2015,24/07/2002,SO47865,352,9
19/10/2015,14/07/2002,SO47867,360,9
19/10/2015,27/06/2002,SO47868,354,9
19/10/2015,16/09/2002,SO47866,352,9
19/10/2015,30/08/2002,SO47861,356,6
19/10/2015,09/07/2002,SO47864,373,9
20/10/2015,03/10/2002,SO47871,371,7
20/10/2015,05/10/2002,SO47877,322,10
20/10/2015,23/09/2002,SO47870,383,10
20/10/2015,22/09/2002,SO47874,373,1
20/10/2015,11/08/2002,SO47873,383,6
20/10/2015,01/09/2002,SO47875,375,6
20/10/2015,20/08/2002,SO47872,379,7
20/10/2015,09/08/2002,SO47876,338,10
20/10/2015,31/07/2002,SO47878,358,9
21/10/2015,05/07/2002,SO47886,358,9
21/10/2015,28/06/2002,SO47885,385,9
21/10/2015,08/07/2002,SO47888,354,9
21/10/2015,03/10/2002,SO47881,379,10
21/10/2015,25/06/2002,SO47879,387,8
21/10/2015,02/07/2002,SO47880,360,7
21/10/2015,03/08/2002,SO47887,356,9
21/10/2015,23/09/2002,SO47883,352,4
21/10/2015,04/08/2002,SO47882,375,4
22/10/2015,01/09/2002,SO47895,332,4
22/10/2015,02/07/2002,SO47890,370,8
22/10/2015,26/07/2002,SO47893,371,6
22/10/2015,28/06/2002,SO47892,389,6
22/10/2015,06/09/2002,SO47889,377,10
22/10/2015,07/07/2002,SO47894,358,4
22/10/2015,23/08/2002,SO47891,373,8
23/10/2015,21/09/2002,SO47902,360,9
23/10/2015,23/07/2002,SO47899,358,9
23/10/2015,09/07/2002,SO47901,354,9
23/10/2015,22/08/2002,SO47900,362,9
23/10/2015,27/06/2002,SO47897,377,10
23/10/2015,03/09/2002,SO47898,322,7
23/10/2015,05/09/2002,SO47896,389,7
24/10/2015,29/08/2002,SO47911,358,9
24/10/2015,11/07/2002,SO47910,352,9
24/10/2015,14/07/2002,SO47904,377,10
24/10/2015,17/07/2002,SO47907,369,9
24/10/2015,11/07/2002,SO47903,368,7
24/10/2015,19/07/2002,SO47905,373,6
24/10/2015,17/07/2002,SO47909,356,9
24/10/2015,09/07/2002,SO47908,362,6
24/10/2015,18/08/2002,SO47906,338,6
25/10/2015,08/10/2002,SO47917,358,9
25/10/2015,05/10/2002,SO47913,368,6
25/10/2015,21/08/2002,SO47915,360,4
25/10/2015,02/07/2002,SO47914,334,8
25/10/2015,10/08/2002,SO47912,360,7
25/10/2015,01/10/2002,SO47916,383,9
25/10/2015,19/07/2002,SO47918,362,9
26/10/2015,07/08/2002,SO47923,358,4
26/10/2015,25/08/2002,SO47925,385,9
26/10/2015,28/06/2002,SO47926,360,9
26/10/2015,25/08/2002,SO47927,330,9
26/10/2015,19/07/2002,SO47919,381,7
26/10/2015,03/07/2002,SO47922,379,1
26/10/2015,28/08/2002,SO47924,377,9
26/10/2015,23/08/2002,SO47921,379,7
26/10/2015,01/10/2002,SO47920,358,10
27/10/2015,02/07/2002,SO47929,368,6
27/10/2015,28/08/2002,SO47930,377,9
27/10/2015,05/08/2002,SO47928,377,6
28/10/2015,13/08/2002,SO47935,375,9
28/10/2015,01/09/2002,SO47933,373,8
28/10/2015,23/09/2002,SO47932,373,10
28/10/2015,03/10/2002,SO47931,370,10
28/10/2015,15/09/2002,SO47934,385,4
28/10/2015,03/07/2002,SO47936,324,9
29/10/2015,17/07/2002,SO47940,354,9
29/10/2015,20/09/2002,SO47941,356,9
29/10/2015,15/07/2002,SO47942,336,9
29/10/2015,03/07/2002,SO47937,320,8
29/10/2015,18/07/2002,SO47938,371,9
29/10/2015,26/08/2002,SO47939,371,9
30/10/2015,24/08/2002,SO47947,387,4
30/10/2015,18/09/2002,SO47945,370,7
30/10/2015,13/09/2002,SO47946,369,7
30/10/2015,06/07/2002,SO47944,362,7
30/10/2015,20/09/2002,SO47943,385,7
30/10/2015,17/09/2002,SO47950,356,4
30/10/2015,14/08/2002,SO47954,322,9
30/10/2015,17/07/2002,SO47949,377,4
30/10/2015,23/08/2002,SO47951,356,9
30/10/2015,12/07/2002,SO47952,369,9
30/10/2015,20/08/2002,SO47948,369,1
30/10/2015,20/07/2002,SO47953,369,9
31/10/2015,13/08/2002,SO47955,377,10
31/10/2015,04/07/2002,SO47956,369,8
31/10/2015,09/07/2002,SO47957,389,4
31/10/2015,09/10/2002,SO47959,326,9
31/10/2015,12/10/2002,SO47958,328,4
01/11/2015,02/10/2002,SO48093,377,10
01/11/2015,03/10/2002,SO48097,369,9
01/11/2015,14/10/2002,SO48096,328,4
01/11/2015,04/10/2002,SO48094,370,1
01/11/2015,22/08/2002,SO48098,377,9
01/11/2015,05/07/2002,SO48095,332,8
02/11/2015,04/10/2002,SO48099,360,8
02/11/2015,16/08/2002,SO48100,356,4
02/11/2015,02/09/2002,SO48101,369,9
02/11/2015,09/08/2002,SO48102,379,9
03/11/2015,16/07/2002,SO48107,370,9
03/11/2015,30/07/2002,SO48103,377,8
03/11/2015,01/09/2002,SO48108,389,9
03/11/2015,06/08/2002,SO48104,322,10
03/11/2015,23/08/2002,SO48106,360,6
03/11/2015,20/08/2002,SO48105,356,1
04/11/2015,23/07/2002,SO48109,369,1
05/11/2015,25/07/2002,SO48115,320,9
05/11/2015,30/07/2002,SO48111,383,4
05/11/2015,13/10/2002,SO48114,320,9
05/11/2015,23/07/2002,SO48110,371,8
05/11/2015,02/10/2002,SO48113,334,8
05/11/2015,27/07/2002,SO48112,371,1
06/11/2015,03/10/2002,SO48124,326,9
06/11/2015,29/09/2002,SO48121,369,9
06/11/2015,04/09/2002,SO48117,377,7
06/11/2015,13/08/2002,SO48123,360,9
06/11/2015,28/07/2002,SO48118,377,8
06/11/2015,20/07/2002,SO48122,369,9
06/11/2015,25/08/2002,SO48116,381,10
06/11/2015,19/08/2002,SO48120,324,4
07/11/2015,01/08/2002,SO48129,377,9
07/11/2015,09/10/2002,SO48128,352,4
07/11/2015,13/09/2002,SO48127,342,8
07/11/2015,18/10/2002,SO48125,389,4
07/11/2015,18/07/2002,SO48126,387,1
08/11/2015,23/09/2002,SO48133,377,9
08/11/2015,30/07/2002,SO48131,360,6
08/11/2015,26/07/2002,SO48136,354,9
08/11/2015,25/07/2002,SO48132,352,1
08/11/2015,04/08/2002,SO48134,371,9
08/11/2015,18/10/2002,SO48135,383,9
08/11/2015,04/10/2002,SO48130,368,10
09/11/2015,08/08/2002,SO48138,373,7
09/11/2015,14/10/2002,SO48140,330,4
09/11/2015,17/07/2002,SO48139,370,9
09/11/2015,05/09/2002,SO48137,352,8
10/11/2015,03/08/2002,SO48142,362,8
10/11/2015,26/07/2002,SO48147,377,9
10/11/2015,21/10/2002,SO48146,371,9
10/11/2015,03/10/2002,SO48143,326,8
10/11/2015,19/10/2002,SO48145,362,1
10/11/2015,17/08/2002,SO48144,370,10
10/11/2015,31/08/2002,SO48141,354,10
11/11/2015,20/10/2002,SO48149,371,8
11/11/2015,28/07/2002,SO48154,377,9
11/11/2015,15/08/2002,SO48155,371,9
11/11/2015,12/10/2002,SO48151,332,7
11/11/2015,16/10/2002,SO48152,352,4
11/11/2015,15/09/2002,SO48148,362,8
11/11/2015,09/10/2002,SO48157,371,9
11/11/2015,21/09/2002,SO48150,369,10
11/11/2015,30/09/2002,SO48158,328,9
11/11/2015,31/08/2002,SO48156,377,9
11/11/2015,17/08/2002,SO48153,362,4
12/11/2015,17/09/2002,SO48161,371,10
12/11/2015,27/07/2002,SO48164,328,9
12/11/2015,17/08/2002,SO48162,369,1
12/11/2015,02/09/2002,SO48163,375,9
12/11/2015,26/07/2002,SO48160,371,7
12/11/2015,01/08/2002,SO48159,389,10
13/11/2015,28/10/2002,SO48165,373,8
13/11/2015,16/09/2002,SO48167,362,4
13/11/2015,13/08/2002,SO48166,368,4
13/11/2015,09/08/2002,SO48168,373,9
14/11/2015,15/09/2002,SO48171,370,8
14/11/2015,22/10/2002,SO48170,354,8
14/11/2015,26/07/2002,SO48169,377,1
14/11/2015,28/10/2002,SO48173,375,1
14/11/2015,20/10/2002,SO48172,369,1
15/11/2015,23/07/2002,SO48176,336,4
15/11/2015,12/09/2002,SO48175,354,4
16/11/2015,23/08/2002,SO48181,370,1
16/11/2015,06/09/2002,SO48178,352,8
16/11/2015,13/08/2002,SO48177,385,7
16/11/2015,08/08/2002,SO48180,379,8
16/11/2015,14/09/2002,SO48179,369,10
16/11/2015,21/09/2002,SO48184,381,9
16/11/2015,04/09/2002,SO48182,360,4
16/11/2015,04/10/2002,SO48183,373,9
17/11/2015,24/10/2002,SO48189,324,1
17/11/2015,30/10/2002,SO48186,379,8
17/11/2015,26/10/2002,SO48188,377,9
17/11/2015,09/10/2002,SO48190,322,9
17/11/2015,06/09/2002,SO48187,334,10
17/11/2015,20/10/2002,SO48185,360,10
18/11/2015,28/08/2002,SO48195,371,9
18/11/2015,21/08/2002,SO48196,326,9
18/11/2015,06/08/2002,SO48194,369,9
18/11/2015,26/08/2002,SO48192,377,4
18/11/2015,23/08/2002,SO48191,330,7
18/11/2015,26/08/2002,SO48197,322,9
18/11/2015,03/11/2002,SO48193,352,4
19/11/2015,06/10/2002,SO48198,389,8
19/11/2015,07/10/2002,SO48199,373,10
19/11/2015,09/08/2002,SO48201,356,4
19/11/2015,27/07/2002,SO48200,358,1
20/11/2015,06/08/2002,SO48204,334,9
20/11/2015,15/09/2002,SO48207,373,9
20/11/2015,23/08/2002,SO48209,320,1
20/11/2015,18/08/2002,SO48210,354,9
20/11/2015,07/10/2002,SO48203,360,8
20/11/2015,13/09/2002,SO48202,356,8
20/11/2015,16/10/2002,SO48208,370,9
20/11/2015,17/08/2002,SO48205,362,1
20/11/2015,14/10/2002,SO48206,352,4
21/11/2015,15/10/2002,SO48214,368,8
21/11/2015,15/08/2002,SO48212,362,10
21/11/2015,30/08/2002,SO48211,385,7
21/11/2015,30/08/2002,SO48216,324,8
21/11/2015,26/09/2002,SO48217,324,1
21/11/2015,06/09/2002,SO48213,358,10
21/11/2015,24/10/2002,SO48215,387,6
22/11/2015,12/08/2002,SO48218,368,10
22/11/2015,05/11/2002,SO48220,375,9
22/11/2015,26/10/2002,SO48219,354,4
22/11/2015,29/09/2002,SO48221,336,4
23/11/2015,30/08/2002,SO48222,381,1
23/11/2015,28/09/2002,SO48223,383,4
23/11/2015,11/08/2002,SO48225,371,9
23/11/2015,10/10/2002,SO48224,354,1
23/11/2015,15/08/2002,SO48226,326,9
24/11/2015,09/08/2002,SO48234,373,9
24/11/2015,25/09/2002,SO48235,320,1
24/11/2015,23/08/2002,SO48233,371,9
24/11/2015,18/10/2002,SO48236,338,9
24/11/2015,05/10/2002,SO48231,362,4
24/11/2015,02/09/2002,SO48229,354,4
24/11/2015,06/11/2002,SO48232,330,1
24/11/2015,10/08/2002,SO48228,368,10
24/11/2015,28/07/2002,SO48227,368,7
24/11/2015,09/08/2002,SO48230,360,1
25/11/2015,04/11/2002,SO48243,371,9
25/11/2015,23/09/2002,SO48242,356,4
25/11/2015,31/10/2002,SO48237,379,7
25/11/2015,01/11/2002,SO48244,371,9
25/11/2015,04/09/2002,SO48241,360,1
25/11/2015,30/09/2002,SO48239,373,4
25/11/2015,07/08/2002,SO48238,368,10
25/11/2015,13/10/2002,SO48240,322,10
26/11/2015,16/09/2002,SO48250,370,9
26/11/2015,03/11/2002,SO48247,373,8
26/11/2015,25/09/2002,SO48246,354,8
26/11/2015,10/08/2002,SO48249,336,4
26/11/2015,12/09/2002,SO48245,354,8
26/11/2015,11/11/2002,SO48248,328,10
27/11/2015,15/10/2002,SO48256,385,1
27/11/2015,26/10/2002,SO48255,385,6
27/11/2015,03/11/2002,SO48259,326,6
27/11/2015,13/10/2002,SO48261,328,6
27/11/2015,01/09/2002,SO48254,383,1
27/11/2015,08/10/2002,SO48252,320,10
27/11/2015,11/09/2002,SO48262,385,9
27/11/2015,13/09/2002,SO48257,320,7
27/11/2015,13/09/2002,SO48253,369,7
27/11/2015,31/07/2002,SO48251,389,7
27/11/2015,01/08/2002,SO48258,324,7
27/11/2015,19/10/2002,SO48264,328,9
27/11/2015,18/08/2002,SO48263,328,9
27/11/2015,27/10/2002,SO48260,322,6
28/11/2015,30/08/2002,SO48266,370,1
28/11/2015,19/08/2002,SO48265,369,10
28/11/2015,30/08/2002,SO48269,324,10
28/11/2015,02/10/2002,SO48267,326,6
28/11/2015,08/11/2002,SO48268,370,9
28/11/2015,24/09/2002,SO48270,360,9
29/11/2015,16/10/2002,SO48272,371,7
29/11/2015,24/10/2002,SO48271,356,7
29/11/2015,19/09/2002,SO48274,370,9
29/11/2015,13/10/2002,SO48273,369,10
29/11/2015,20/09/2002,SO48275,387,9
29/11/2015,26/10/2002,SO48276,324,9
30/11/2015,19/10/2002,SO48277,360,10
30/11/2015,12/08/2002,SO48284,377,9
30/11/2015,11/11/2002,SO48281,371,4
30/11/2015,11/08/2002,SO48279,381,1
30/11/2015,14/09/2002,SO48280,377,4
30/11/2015,15/09/2002,SO48282,362,4
30/11/2015,09/10/2002,SO48283,322,4
30/11/2015,19/09/2002,SO48285,322,1
30/11/2015,11/09/2002,SO48278,368,8
01/12/2015,09/11/2002,SO48406,326,4
01/12/2015,15/09/2002,SO48405,356,10
01/12/2015,24/08/2002,SO48409,370,9
01/12/2015,26/09/2002,SO48402,379,10
01/12/2015,09/10/2002,SO48410,358,4
01/12/2015,08/11/2002,SO48408,379,9
01/12/2015,20/08/2002,SO48401,375,8
01/12/2015,30/09/2002,SO48403,383,4
01/12/2015,14/09/2002,SO48407,375,9
01/12/2015,09/11/2002,SO48404,377,1
01/12/2015,09/09/2002,SO48400,326,8
02/12/2015,12/08/2002,SO48419,338,9
02/12/2015,22/08/2002,SO48413,383,4
02/12/2015,02/11/2002,SO48418,352,9
02/12/2015,10/09/2002,SO48415,356,4
02/12/2015,08/09/2002,SO48412,342,7
02/12/2015,24/08/2002,SO48416,320,1
02/12/2015,25/09/2002,SO48411,371,10
02/12/2015,29/10/2002,SO48414,369,1
02/12/2015,23/08/2002,SO48417,368,9
03/12/2015,14/10/2002,SO48424,377,7
03/12/2015,13/11/2002,SO48433,379,9
03/12/2015,05/09/2002,SO48435,377,9
03/12/2015,06/09/2002,SO48423,340,7
03/12/2015,07/08/2002,SO48426,383,4
03/12/2015,27/09/2002,SO48430,360,4
03/12/2015,17/11/2002,SO48427,389,4
03/12/2015,02/10/2002,SO48425,379,8
03/12/2015,22/10/2002,SO48420,377,7
03/12/2015,11/10/2002,SO48434,377,9
03/12/2015,12/09/2002,SO48432,377,9
03/12/2015,02/09/2002,SO48421,387,10
03/12/2015,20/09/2002,SO48428,371,1
03/12/2015,18/11/2002,SO48429,352,10
03/12/2015,12/09/2002,SO48422,379,10
03/12/2015,10/10/2002,SO48431,354,1
04/12/2015,07/11/2002,SO48437,324,4
04/12/2015,31/08/2002,SO48438,362,9
04/12/2015,06/11/2002,SO48436,389,1
05/12/2015,20/09/2002,SO48444,362,4
05/12/2015,08/11/2002,SO48449,370,9
05/12/2015,04/09/2002,SO48442,377,1
05/12/2015,19/10/2002,SO48447,326,4
05/12/2015,03/11/2002,SO48439,389,7
05/12/2015,28/09/2002,SO48440,336,7
05/12/2015,19/11/2002,SO48446,338,6
05/12/2015,29/09/2002,SO48445,342,4
05/12/2015,10/09/2002,SO48441,389,6
05/12/2015,21/09/2002,SO48448,375,9
05/12/2015,22/08/2002,SO48451,358,9
05/12/2015,25/09/2002,SO48450,362,4
05/12/2015,29/09/2002,SO48443,352,8
06/12/2015,20/11/2002,SO48454,358,10
06/12/2015,10/11/2002,SO48453,385,7
06/12/2015,19/11/2002,SO48455,360,10
06/12/2015,20/11/2002,SO48452,368,7
06/12/2015,11/11/2002,SO48456,360,6
07/12/2015,21/10/2002,SO48468,336,4
07/12/2015,23/09/2002,SO48473,352,4
07/12/2015,31/10/2002,SO48472,373,9
07/12/2015,24/10/2002,SO48465,356,4
07/12/2015,02/10/2002,SO48458,371,10
07/12/2015,11/08/2002,SO48459,379,7
07/12/2015,29/10/2002,SO48467,332,1
07/12/2015,20/09/2002,SO48462,328,8
07/12/2015,05/11/2002,SO48470,379,9
07/12/2015,07/09/2002,SO48464,375,4
07/12/2015,10/09/2002,SO48463,371,10
07/12/2015,10/09/2002,SO48469,377,9
07/12/2015,19/11/2002,SO48474,328,9
07/12/2015,09/11/2002,SO48461,389,8
07/12/2015,04/10/2002,SO48466,332,4
07/12/2015,11/08/2002,SO48471,375,9
07/12/2015,18/11/2002,SO48460,371,10
08/12/2015,26/10/2002,SO48483,381,9
08/12/2015,02/11/2002,SO48484,352,9
08/12/2015,07/10/2002,SO48476,385,6
08/12/2015,11/10/2002,SO48475,370,10
08/12/2015,02/10/2002,SO48480,352,1
08/12/2015,27/08/2002,SO48478,371,9
08/12/2015,16/08/2002,SO48477,352,4
08/12/2015,15/08/2002,SO48482,387,9
08/12/2015,30/10/2002,SO48485,334,9
08/12/2015,02/11/2002,SO48481,358,6
08/12/2015,06/09/2002,SO48479,373,9
09/12/2015,25/09/2002,SO48486,342,10
09/12/2015,02/11/2002,SO48487,334,8
09/12/2015,04/11/2002,SO48489,369,9
09/12/2015,14/10/2002,SO48488,354,8
09/12/2015,16/11/2002,SO48490,381,9
09/12/2015,13/10/2002,SO48491,358,9
09/12/2015,06/11/2002,SO48492,330,9
10/12/2015,17/08/2002,SO48498,387,9
10/12/2015,30/08/2002,SO48499,358,9
10/12/2015,12/09/2002,SO48502,334,9
10/12/2015,13/08/2002,SO48497,360,1
10/12/2015,28/09/2002,SO48500,358,9
10/12/2015,09/11/2002,SO48501,383,10
10/12/2015,02/11/2002,SO48495,360,4
10/12/2015,15/11/2002,SO48496,362,4
10/12/2015,11/09/2002,SO48494,385,1
11/12/2015,18/11/2002,SO48509,354,7
11/12/2015,25/09/2002,SO48513,320,4
11/12/2015,13/11/2002,SO48516,354,9
11/12/2015,10/10/2002,SO48508,377,4
11/12/2015,11/11/2002,SO48503,370,7
11/12/2015,23/11/2002,SO48510,354,4
11/12/2015,04/09/2002,SO48514,338,4
11/12/2015,21/11/2002,SO48511,362,4
11/12/2015,20/10/2002,SO48507,389,1
11/12/2015,04/09/2002,SO48505,371,7
11/12/2015,14/08/2002,SO48512,352,6
11/12/2015,23/11/2002,SO48504,340,10
11/12/2015,26/08/2002,SO48506,379,7
12/12/2015,19/09/2002,SO48532,362,9
12/12/2015,18/11/2002,SO48518,381,10
12/12/2015,06/11/2002,SO48519,381,8
12/12/2015,02/11/2002,SO48526,375,4
12/12/2015,10/10/2002,SO48523,377,10
12/12/2015,01/09/2002,SO48528,379,9
12/12/2015,18/08/2002,SO48522,370,7
12/12/2015,05/10/2002,SO48530,352,9
12/12/2015,04/10/2002,SO48527,352,4
12/12/2015,09/10/2002,SO48524,377,7
12/12/2015,19/08/2002,SO48521,371,8
12/12/2015,01/09/2002,SO48533,328,9
12/12/2015,27/10/2002,SO48517,368,8
12/12/2015,24/11/2002,SO48529,360,1
12/12/2015,04/11/2002,SO48520,377,8
12/12/2015,26/08/2002,SO48531,360,9
12/12/2015,20/08/2002,SO48525,385,1
13/12/2015,16/10/2002,SO48534,371,8
13/12/2015,25/08/2002,SO48536,387,1
13/12/2015,21/11/2002,SO48542,360,4
13/12/2015,23/08/2002,SO48545,360,10
13/12/2015,14/11/2002,SO48544,354,9
13/12/2015,28/09/2002,SO48538,379,9
13/12/2015,14/10/2002,SO48535,338,7
13/12/2015,27/11/2002,SO48539,377,9
13/12/2015,30/09/2002,SO48537,362,10
13/12/2015,02/09/2002,SO48540,377,9
13/12/2015,21/09/2002,SO48541,368,9
13/12/2015,04/09/2002,SO48543,387,9
14/12/2015,10/10/2002,SO48547,385,8
14/12/2015,14/11/2002,SO48553,370,4
14/12/2015,19/10/2002,SO48557,370,9
14/12/2015,30/10/2002,SO48559,354,9
14/12/2015,30/09/2002,SO48550,326,7
14/12/2015,28/08/2002,SO48551,330,8
14/12/2015,18/10/2002,SO48558,360,4
14/12/2015,29/10/2002,SO48561,340,9
14/12/2015,23/09/2002,SO48549,375,7
14/12/2015,04/09/2002,SO48560,326,9
14/12/2015,13/09/2002,SO48554,362,1
14/12/2015,20/08/2002,SO48556,377,9
14/12/2015,19/11/2002,SO48548,370,8
14/12/2015,09/10/2002,SO48546,377,7
14/12/2015,14/11/2002,SO48555,324,4
14/12/2015,09/11/2002,SO48552,381,1
15/12/2015,06/09/2002,SO48564,375,10
15/12/2015,05/09/2002,SO48563,340,8
15/12/2015,11/10/2002,SO48562,375,10
15/12/2015,21/10/2002,SO48565,358,4
15/12/2015,13/09/2002,SO48566,375,9
16/12/2015,05/11/2002,SO48571,377,4
16/12/2015,30/10/2002,SO48569,324,8
16/12/2015,31/08/2002,SO48573,328,1
16/12/2015,25/09/2002,SO48567,377,7
16/12/2015,26/10/2002,SO48576,362,9
16/12/2015,25/08/2002,SO48568,326,7
16/12/2015,11/10/2002,SO48570,389,6
16/12/2015,10/11/2002,SO48575,360,9
16/12/2015,19/11/2002,SO48574,320,1
16/12/2015,20/08/2002,SO48577,334,9
16/12/2015,19/10/2002,SO48572,362,7
17/12/2015,27/08/2002,SO48586,354,9
17/12/2015,02/10/2002,SO48585,389,9
17/12/2015,20/11/2002,SO48579,379,4
17/12/2015,29/08/2002,SO48578,377,10
17/12/2015,20/09/2002,SO48581,352,1
17/12/2015,06/10/2002,SO48580,358,8
17/12/2015,11/11/2002,SO48583,377,9
17/12/2015,09/10/2002,SO48588,338,9
17/12/2015,27/08/2002,SO48587,322,9
17/12/2015,21/09/2002,SO48582,342,4
17/12/2015,01/11/2002,SO48584,379,9
18/12/2015,30/08/2002,SO48596,373,9
18/12/2015,01/10/2002,SO48598,352,9
18/12/2015,16/10/2002,SO48593,362,10
18/12/2015,19/09/2002,SO48597,352,4
18/12/2015,28/09/2002,SO48589,387,7
18/12/2015,13/10/2002,SO48591,358,7
18/12/2015,07/10/2002,SO48594,362,1
18/12/2015,25/08/2002,SO48590,352,7
18/12/2015,03/10/2002,SO48592,354,8
18/12/2015,01/11/2002,SO48595,375,9
19/12/2015,23/11/2002,SO48604,354,1
19/12/2015,03/12/2002,SO48611,360,9
19/12/2015,14/09/2002,SO48607,377,9
19/12/2015,10/10/2002,SO48612,352,9
19/12/2015,05/10/2002,SO48605,358,1
19/12/2015,26/08/2002,SO48601,362,7
19/12/2015,02/12/2002,SO48608,358,1
19/12/2015,31/10/2002,SO48599,377,7
19/12/2015,29/10/2002,SO48603,356,7
19/12/2015,11/11/2002,SO48609,356,4
19/12/2015,19/11/2002,SO48600,385,8
19/12/2015,16/10/2002,SO48606,368,9
19/12/2015,15/11/2002,SO48602,352,8
19/12/2015,26/10/2002,SO48610,358,9
20/12/2015,04/12/2002,SO48618,332,6
20/12/2015,14/09/2002,SO48625,336,9
20/12/2015,14/11/2002,SO48622,356,9
20/12/2015,23/09/2002,SO48624,362,9
20/12/2015,19/10/2002,SO48623,356,9
20/12/2015,01/10/2002,SO48613,375,7
20/12/2015,29/11/2002,SO48626,334,9
20/12/2015,26/11/2002,SO48620,360,6
20/12/2015,28/08/2002,SO48615,383,10
20/12/2015,17/11/2002,SO48621,360,9
20/12/2015,26/08/2002,SO48616,373,1
20/12/2015,27/09/2002,SO48617,371,4
20/12/2015,22/10/2002,SO48614,375,7
20/12/2015,03/09/2002,SO48619,369,9
21/12/2015,07/09/2002,SO48628,352,10
21/12/2015,13/09/2002,SO48629,389,9
21/12/2015,07/10/2002,SO48627,362,7
22/12/2015,22/11/2002,SO48636,324,4
22/12/2015,31/08/2002,SO48630,358,1
22/12/2015,24/11/2002,SO48635,358,7
22/12/2015,12/11/2002,SO48637,336,4
22/12/2015,04/12/2002,SO48641,354,9
22/12/2015,22/10/2002,SO48633,338,10
22/12/2015,28/08/2002,SO48639,358,6
22/12/2015,07/10/2002,SO48638,334,4
22/12/2015,15/09/2002,SO48631,375,10
22/12/2015,12/11/2002,SO48632,379,10
22/12/2015,16/10/2002,SO48634,362,8
22/12/2015,03/12/2002,SO48640,356,4
23/12/2015,05/11/2002,SO48649,338,4
23/12/2015,02/11/2002,SO48653,360,6
23/12/2015,18/11/2002,SO48650,373,9
23/12/2015,18/09/2002,SO48652,368,9
23/12/2015,22/10/2002,SO48643,342,10
23/12/2015,11/09/2002,SO48644,387,4
23/12/2015,25/10/2002,SO48651,377,9
23/12/2015,23/10/2002,SO48647,354,1
23/12/2015,15/10/2002,SO48646,370,1
23/12/2015,16/10/2002,SO48642,371,7
23/12/2015,28/09/2002,SO48648,354,4
23/12/2015,29/10/2002,SO48645,387,1
24/12/2015,21/11/2002,SO48656,336,8
24/12/2015,12/11/2002,SO48661,332,4
24/12/2015,12/09/2002,SO48657,373,7
24/12/2015,06/10/2002,SO48659,362,7
24/12/2015,30/09/2002,SO48662,369,9
24/12/2015,22/09/2002,SO48654,375,10
24/12/2015,10/11/2002,SO48655,385,8
24/12/2015,30/10/2002,SO48660,356,4
24/12/2015,25/11/2002,SO48664,354,9
24/12/2015,21/09/2002,SO48663,362,9
24/12/2015,20/11/2002,SO48665,334,10
24/12/2015,03/09/2002,SO48666,360,9
25/12/2015,09/10/2002,SO48673,360,9
25/12/2015,02/09/2002,SO48674,334,9
25/12/2015,29/11/2002,SO48669,328,7
25/12/2015,25/10/2002,SO48667,389,10
25/12/2015,17/10/2002,SO48671,360,8
25/12/2015,26/11/2002,SO48670,377,4
25/12/2015,09/12/2002,SO48672,379,9
25/12/2015,24/09/2002,SO48668,389,8
26/12/2015,30/11/2002,SO48679,352,4
26/12/2015,17/09/2002,SO48682,354,9
26/12/2015,04/09/2002,SO48680,340,6
26/12/2015,16/09/2002,SO48676,370,1
26/12/2015,15/11/2002,SO48675,379,7
26/12/2015,11/10/2002,SO48678,362,4
26/12/2015,07/09/2002,SO48677,358,10
26/12/2015,28/08/2002,SO48681,352,9
27/12/2015,30/11/2002,SO48687,352,10
27/12/2015,07/09/2002,SO48684,379,8
27/12/2015,23/11/2002,SO48690,360,9
27/12/2015,26/11/2002,SO48683,385,7
27/12/2015,05/12/2002,SO48689,385,9
27/12/2015,11/11/2002,SO48691,338,9
27/12/2015,28/10/2002,SO48688,373,9
27/12/2015,11/10/2002,SO48686,371,6
27/12/2015,07/10/2002,SO48685,369,4
28/12/2015,02/10/2002,SO48692,381,8
28/12/2015,08/09/2002,SO48694,362,10
28/12/2015,12/09/2002,SO48701,360,9
28/12/2015,09/11/2002,SO48696,368,9
28/12/2015,26/11/2002,SO48699,362,9
28/12/2015,15/09/2002,SO48695,362,1
28/12/2015,04/10/2002,SO48693,370,6
28/12/2015,04/12/2002,SO48698,362,4
28/12/2015,23/09/2002,SO48697,371,9
28/12/2015,05/11/2002,SO48700,360,9
29/12/2015,23/10/2002,SO48708,377,8
29/12/2015,22/09/2002,SO48712,338,6
29/12/2015,10/12/2002,SO48707,326,7
29/12/2015,03/11/2002,SO48713,334,6
29/12/2015,28/10/2002,SO48709,381,4
29/12/2015,03/12/2002,SO48714,377,9
29/12/2015,05/10/2002,SO48704,369,8
29/12/2015,21/11/2002,SO48702,377,10
29/12/2015,26/11/2002,SO48711,326,4
29/12/2015,17/11/2002,SO48715,375,9
29/12/2015,05/11/2002,SO48706,387,10
29/12/2015,18/10/2002,SO48705,373,7
29/12/2015,25/10/2002,SO48703,369,7
29/12/2015,20/09/2002,SO48710,354,10
30/12/2015,06/10/2002,SO48716,377,10
30/12/2015,09/09/2002,SO48721,368,9
30/12/2015,28/11/2002,SO48722,369,9
30/12/2015,03/09/2002,SO48719,368,9
30/12/2015,06/12/2002,SO48720,371,9
30/12/2015,20/10/2002,SO48717,352,7
30/12/2015,12/10/2002,SO48718,356,10
31/12/2015,14/12/2002,SO48727,360,9
31/12/2015,09/11/2002,SO48725,377,10
31/12/2015,29/11/2002,SO48728,354,9
31/12/2015,14/11/2002,SO48729,324,9
31/12/2015,02/12/2002,SO48724,340,8
31/12/2015,09/10/2002,SO48723,369,7
31/12/2015,22/11/2002,SO48726,383,9
