OrderDate,StockDate,OrderNumber,ProductKey,CustomerKey,SalesTerritoryKey,OrderQuantity
01/07/2015,03/05/2002,SO46677,371,15460,8,1
01/07/2015,16/05/2002,SO46679,373,13062,1,1
01/07/2015,23/04/2002,SO46683,354,12571,9,1
01/07/2015,09/05/2002,SO46681,362,12349,9,1
01/07/2015,18/04/2002,SO46676,385,18047,8,1
01/07/2015,10/03/2002,SO46682,358,12355,9,1
01/07/2015,05/03/2002,SO46680,371,21193,9,1
01/07/2015,12/03/2002,SO46678,330,19930,8,1
02/07/2015,28/03/2002,SO46685,377,12947,4,1
02/07/2015,15/04/2002,SO46684,381,18125,8,1
02/07/2015,19/04/2002,SO46686,324,20577,10,1
03/07/2015,05/04/2002,SO46687,379,15457,8,1
03/07/2015,17/03/2002,SO46695,358,20208,6,1
03/07/2015,24/03/2002,SO46692,369,13208,4,1
03/07/2015,16/03/2002,SO46697,371,21173,9,1
03/07/2015,06/04/2002,SO46693,373,13210,4,1
03/07/2015,21/05/2002,SO46694,373,13220,4,1
03/07/2015,06/03/2002,SO46689,369,13032,4,1
03/07/2015,17/06/2002,SO46699,328,25961,9,1
03/07/2015,02/05/2002,SO46698,377,21206,9,1
03/07/2015,23/05/2002,SO46696,370,21166,9,1
03/07/2015,31/03/2002,SO46690,368,13039,4,1
03/07/2015,07/05/2002,SO46688,369,12929,1,1
03/07/2015,15/05/2002,SO46691,368,13142,4,1
04/07/2015,06/06/2002,SO46708,377,21200,9,1
04/07/2015,10/03/2002,SO46706,352,20186,6,1
04/07/2015,28/05/2002,SO46705,370,13085,1,1
04/07/2015,06/05/2002,SO46701,375,15114,8,1
04/07/2015,13/03/2002,SO46707,336,15199,4,1
04/07/2015,26/03/2002,SO46703,336,20576,10,1
04/07/2015,14/03/2002,SO46700,381,16942,7,1
04/07/2015,08/03/2002,SO46704,370,13059,4,1
04/07/2015,12/05/2002,SO46702,369,15116,8,1
05/07/2015,26/03/2002,SO46716,375,25046,6,1
05/07/2015,12/06/2002,SO46709,387,19172,10,1
05/07/2015,03/06/2002,SO46718,360,12570,9,1
05/07/2015,16/03/2002,SO46710,356,11484,8,1
05/07/2015,11/06/2002,SO46711,369,13592,7,1
05/07/2015,06/05/2002,SO46712,373,13779,7,1
05/07/2015,13/03/2002,SO46714,368,13093,1,1
05/07/2015,29/05/2002,SO46713,371,24778,6,1
05/07/2015,27/04/2002,SO46715,375,24976,6,1
05/07/2015,16/04/2002,SO46717,368,25048,6,1
06/07/2015,26/04/2002,SO46720,371,13667,7,1
06/07/2015,02/06/2002,SO46723,368,12918,4,1
06/07/2015,12/04/2002,SO46726,373,20999,9,1
06/07/2015,24/03/2002,SO46727,370,21002,9,1
06/07/2015,30/03/2002,SO46719,362,11604,10,1
06/07/2015,08/06/2002,SO46728,358,12354,9,1
06/07/2015,02/05/2002,SO46722,385,17095,7,1
06/07/2015,22/05/2002,SO46729,320,26019,9,1
06/07/2015,26/05/2002,SO46721,370,16046,10,1
06/07/2015,21/06/2002,SO46725,369,21191,9,1
07/07/2015,28/04/2002,SO46730,379,15100,8,1
07/07/2015,30/04/2002,SO46733,375,24781,6,1
07/07/2015,09/06/2002,SO46734,375,13060,4,1
07/07/2015,22/03/2002,SO46732,385,13992,4,1
07/07/2015,04/04/2002,SO46735,371,13226,1,1
07/07/2015,22/04/2002,SO46736,360,12341,9,1
07/07/2015,22/06/2002,SO46731,371,15101,8,1
07/07/2015,27/05/2002,SO46738,362,12576,9,1
07/07/2015,13/05/2002,SO46737,354,12346,9,1
08/07/2015,14/06/2002,SO46743,373,21183,9,1
08/07/2015,23/05/2002,SO46741,370,28766,6,1
08/07/2015,21/05/2002,SO46739,373,15699,10,1
08/07/2015,26/03/2002,SO46740,379,12980,1,1
08/07/2015,25/04/2002,SO46742,358,20206,6,1
08/07/2015,05/06/2002,SO46744,370,21199,9,1
09/07/2015,19/05/2002,SO46746,368,13057,4,1
09/07/2015,11/04/2002,SO46749,354,12350,9,1
09/07/2015,31/05/2002,SO46745,369,13056,1,1
09/07/2015,29/04/2002,SO46748,360,26252,4,1
09/07/2015,06/04/2002,SO46747,360,26127,1,1
10/07/2015,04/06/2002,SO46754,320,25958,9,1
10/07/2015,07/04/2002,SO46755,342,26023,9,1
10/07/2015,24/05/2002,SO46752,342,19931,8,1
10/07/2015,26/04/2002,SO46750,377,16054,10,1
10/07/2015,22/03/2002,SO46751,377,12934,4,1
10/07/2015,01/06/2002,SO46753,379,21215,9,1
10/07/2015,20/04/2002,SO46756,383,13993,4,1
11/07/2015,21/03/2002,SO46765,332,15191,4,1
11/07/2015,22/04/2002,SO46768,338,26020,9,1
11/07/2015,24/06/2002,SO46760,387,13986,4,1
11/07/2015,19/05/2002,SO46761,324,19924,8,1
11/07/2015,31/05/2002,SO46759,373,16033,10,1
11/07/2015,13/05/2002,SO46767,362,12573,9,1
11/07/2015,25/05/2002,SO46757,354,26174,1,1
11/07/2015,25/05/2002,SO46762,368,13063,1,1
11/07/2015,19/03/2002,SO46764,360,26238,4,1
11/07/2015,29/05/2002,SO46758,387,18130,8,1
11/07/2015,20/05/2002,SO46766,369,21216,9,1
11/07/2015,13/05/2002,SO46763,375,13202,4,1
12/07/2015,10/04/2002,SO46771,377,13068,4,1
12/07/2015,29/04/2002,SO46770,370,15357,8,1
12/07/2015,24/04/2002,SO46773,371,13173,1,1
12/07/2015,08/06/2002,SO46774,375,13225,4,1
12/07/2015,22/03/2002,SO46772,375,13161,1,1
12/07/2015,05/05/2002,SO46776,360,12356,9,1
12/07/2015,21/06/2002,SO46769,377,15702,10,1
13/07/2015,16/06/2002,SO46777,356,11568,10,1
13/07/2015,25/06/2002,SO46778,352,11610,10,1
13/07/2015,20/03/2002,SO46786,354,26201,4,1
13/07/2015,21/06/2002,SO46787,332,15195,4,1
13/07/2015,29/03/2002,SO46785,373,13190,4,1
13/07/2015,30/03/2002,SO46779,377,15929,10,1
13/07/2015,21/04/2002,SO46782,371,12975,4,1
13/07/2015,03/06/2002,SO46784,375,13178,1,1
13/07/2015,30/04/2002,SO46780,379,12942,4,1
13/07/2015,09/05/2002,SO46781,379,12949,1,1
13/07/2015,21/04/2002,SO46788,358,12342,9,1
13/07/2015,28/04/2002,SO46783,336,19069,7,1
14/07/2015,09/06/2002,SO46798,368,21201,9,1
14/07/2015,21/05/2002,SO46791,369,13016,1,1
14/07/2015,31/03/2002,SO46795,362,26234,4,1
14/07/2015,28/04/2002,SO46793,375,13214,1,1
14/07/2015,28/05/2002,SO46790,379,12930,1,1
14/07/2015,12/05/2002,SO46792,373,13083,1,1
14/07/2015,10/05/2002,SO46797,371,21197,9,1
14/07/2015,26/06/2002,SO46794,373,24977,6,1
14/07/2015,01/06/2002,SO46796,360,26247,4,1
15/07/2015,12/06/2002,SO46801,368,25094,6,1
15/07/2015,30/06/2002,SO46800,370,13019,4,1
15/07/2015,23/03/2002,SO46802,336,15188,1,1
15/07/2015,20/06/2002,SO46799,371,13662,7,1
16/07/2015,18/06/2002,SO46807,354,12339,9,1
16/07/2015,09/05/2002,SO46803,379,13595,7,1
16/07/2015,17/04/2002,SO46804,322,19052,7,1
16/07/2015,21/06/2002,SO46805,373,13055,1,1
16/07/2015,12/05/2002,SO46806,370,21195,9,1
16/07/2015,22/06/2002,SO46808,360,12347,9,1
17/07/2015,29/05/2002,SO46812,371,13069,1,1
17/07/2015,02/07/2002,SO46816,370,13230,1,1
17/07/2015,24/05/2002,SO46819,368,21001,9,1
17/07/2015,18/05/2002,SO46813,379,13152,4,1
17/07/2015,01/07/2002,SO46809,371,13766,7,1
17/07/2015,12/06/2002,SO46818,369,21211,9,1
17/07/2015,02/06/2002,SO46817,356,26121,4,1
17/07/2015,06/04/2002,SO46815,375,25093,6,1
17/07/2015,30/05/2002,SO46811,369,12941,1,1
17/07/2015,23/04/2002,SO46814,371,13165,4,1
17/07/2015,27/04/2002,SO46810,370,15622,8,1
18/07/2015,11/04/2002,SO46821,377,24824,6,1
18/07/2015,19/06/2002,SO46825,354,12574,9,1
18/07/2015,01/05/2002,SO46820,352,28510,7,1
18/07/2015,11/05/2002,SO46826,360,12575,9,1
18/07/2015,21/04/2002,SO46822,324,15155,4,1
18/07/2015,02/06/2002,SO46824,385,24608,9,1
18/07/2015,22/04/2002,SO46823,322,15193,4,1
19/07/2015,10/05/2002,SO46827,373,13799,7,1
19/07/2015,29/06/2002,SO46831,369,13066,1,1
19/07/2015,20/06/2002,SO46834,379,12923,4,1
19/07/2015,06/04/2002,SO46829,369,24786,6,1
19/07/2015,15/04/2002,SO46832,352,20188,6,1
19/07/2015,06/04/2002,SO46830,336,19910,8,1
19/07/2015,13/05/2002,SO46828,385,13990,1,1
20/07/2015,05/06/2002,SO46837,381,14003,1,1
20/07/2015,08/04/2002,SO46836,377,13769,7,1
20/07/2015,02/04/2002,SO46843,375,21168,9,1
20/07/2015,14/06/2002,SO46841,371,13174,1,1
20/07/2015,06/05/2002,SO46844,358,12343,9,1
20/07/2015,31/05/2002,SO46842,320,15166,4,1
20/07/2015,29/06/2002,SO46840,369,13058,4,1
20/07/2015,14/06/2002,SO46835,371,13768,7,1
20/07/2015,28/04/2002,SO46839,375,24817,6,1
21/07/2015,23/04/2002,SO46846,373,13575,7,1
21/07/2015,29/05/2002,SO46851,360,20209,6,1
21/07/2015,07/04/2002,SO46849,370,24960,6,1
21/07/2015,09/04/2002,SO46852,332,15194,4,1
21/07/2015,25/05/2002,SO46845,358,11603,10,1
21/07/2015,27/03/2002,SO46847,371,13793,7,1
21/07/2015,14/06/2002,SO46854,375,20997,9,1
21/07/2015,19/04/2002,SO46850,370,13221,4,1
21/07/2015,03/07/2002,SO46853,368,21192,9,1
21/07/2015,02/05/2002,SO46848,371,16201,10,1
22/07/2015,27/03/2002,SO46861,377,21214,9,1
22/07/2015,05/05/2002,SO46857,371,13064,1,1
22/07/2015,03/07/2002,SO46855,379,15117,8,1
22/07/2015,07/07/2002,SO46859,370,13205,4,1
22/07/2015,08/05/2002,SO46860,371,21180,9,1
22/07/2015,02/05/2002,SO46858,370,13067,1,1
22/07/2015,24/06/2002,SO46856,370,12935,4,1
23/07/2015,10/05/2002,SO46862,362,11550,10,1
23/07/2015,16/05/2002,SO46865,375,15456,8,1
23/07/2015,29/06/2002,SO46864,373,16045,10,1
23/07/2015,08/05/2002,SO46868,369,13189,4,1
23/07/2015,16/06/2002,SO46863,362,11575,10,1
23/07/2015,01/06/2002,SO46867,377,13029,1,1
23/07/2015,23/06/2002,SO46866,369,12981,4,1
24/07/2015,03/07/2002,SO46874,381,24606,9,1
24/07/2015,13/05/2002,SO46870,368,13605,7,1
24/07/2015,18/06/2002,SO46873,377,21167,9,1
24/07/2015,15/04/2002,SO46871,370,13800,7,1
24/07/2015,30/06/2002,SO46869,379,13577,7,1
25/07/2015,04/05/2002,SO46876,375,15084,8,1
25/07/2015,26/04/2002,SO46881,354,12572,9,1
25/07/2015,08/06/2002,SO46879,379,13224,1,1
25/07/2015,16/05/2002,SO46883,352,26241,4,1
25/07/2015,03/07/2002,SO46875,362,11470,8,1
25/07/2015,13/05/2002,SO46878,369,25061,6,1
25/07/2015,21/05/2002,SO46877,370,12926,4,1
25/07/2015,19/05/2002,SO46880,334,15167,1,1
25/07/2015,01/04/2002,SO46882,342,25960,9,1
26/07/2015,12/05/2002,SO46885,373,15933,10,1
26/07/2015,08/07/2002,SO46886,377,28669,6,1
26/07/2015,08/06/2002,SO46888,324,26021,9,1
26/07/2015,24/05/2002,SO46887,362,12340,9,1
26/07/2015,07/06/2002,SO46884,368,13565,7,1
27/07/2015,19/05/2002,SO46895,354,26183,4,1
27/07/2015,23/04/2002,SO46892,370,13086,1,1
27/07/2015,04/05/2002,SO46898,369,21205,9,1
27/07/2015,28/04/2002,SO46897,368,21179,9,1
27/07/2015,08/07/2002,SO46891,324,20592,10,1
27/07/2015,16/06/2002,SO46896,332,15189,1,1
27/07/2015,08/07/2002,SO46889,383,19173,10,1
27/07/2015,25/05/2002,SO46894,356,26120,4,1
27/07/2015,29/04/2002,SO46893,369,28659,6,1
27/07/2015,05/05/2002,SO46890,368,12921,4,1
28/07/2015,08/04/2002,SO46899,381,13999,4,1
28/07/2015,09/04/2002,SO46902,375,21000,9,1
28/07/2015,06/04/2002,SO46903,354,12353,9,1
28/07/2015,21/06/2002,SO46901,375,21203,9,1
28/07/2015,12/04/2002,SO46900,375,21194,9,1
29/07/2015,17/06/2002,SO46908,370,21189,9,1
29/07/2015,07/04/2002,SO46909,379,20998,9,1
29/07/2015,06/06/2002,SO46905,375,16053,10,1
29/07/2015,09/06/2002,SO46907,368,13087,1,1
29/07/2015,09/06/2002,SO46904,387,17080,7,1
29/07/2015,18/05/2002,SO46906,368,12950,1,1
30/07/2015,01/06/2002,SO46910,330,20710,10,1
30/07/2015,11/05/2002,SO46914,356,26245,4,1
30/07/2015,05/07/2002,SO46919,362,11481,8,1
30/07/2015,06/07/2002,SO46915,362,26276,1,1
30/07/2015,14/05/2002,SO46916,328,15196,4,1
30/07/2015,28/04/2002,SO46918,342,26022,9,1
30/07/2015,29/05/2002,SO46913,375,13212,4,1
30/07/2015,05/05/2002,SO46911,377,24832,6,1
30/07/2015,02/04/2002,SO46912,377,13177,1,1
30/07/2015,10/05/2002,SO46917,371,21202,9,1
31/07/2015,29/05/2002,SO46924,375,13203,1,1
31/07/2015,30/06/2002,SO46920,362,11609,10,1
31/07/2015,09/06/2002,SO46921,371,15454,8,1
31/07/2015,10/04/2002,SO46927,362,12348,9,1
31/07/2015,03/04/2002,SO46923,369,13176,4,1
31/07/2015,14/06/2002,SO46928,356,12358,9,1
31/07/2015,04/06/2002,SO46922,368,13088,1,1
31/07/2015,25/04/2002,SO46926,377,21169,9,1
31/07/2015,16/04/2002,SO46925,373,21165,9,1
01/08/2015,10/05/2002,SO47074,362,26293,1,1
01/08/2015,07/05/2002,SO47069,383,14017,4,1
01/08/2015,20/04/2002,SO47068,370,13246,4,1
01/08/2015,15/05/2002,SO47071,369,15667,8,1
01/08/2015,21/04/2002,SO47075,360,12685,9,1
01/08/2015,06/04/2002,SO47073,369,25287,6,1
01/08/2015,19/05/2002,SO47070,387,14025,1,1
01/08/2015,21/04/2002,SO47072,340,20062,8,1
01/08/2015,15/06/2002,SO47076,362,12588,9,1
02/08/2015,19/04/2002,SO47084,370,21561,9,1
02/08/2015,18/06/2002,SO47082,322,15254,5,1
02/08/2015,21/04/2002,SO47081,340,15203,4,1
02/08/2015,09/04/2002,SO47079,375,13359,4,1
02/08/2015,11/05/2002,SO47078,375,13248,1,1
02/08/2015,30/05/2002,SO47080,360,26302,4,1
02/08/2015,28/05/2002,SO47077,369,16329,10,1
02/08/2015,12/05/2002,SO47083,328,15288,4,1
03/08/2015,19/04/2002,SO47085,379,16311,10,1
03/08/2015,29/06/2002,SO47090,377,21394,9,1
03/08/2015,16/06/2002,SO47089,340,15284,4,1
03/08/2015,16/04/2002,SO47088,369,13274,1,1
03/08/2015,15/07/2002,SO47087,377,13383,1,1
04/08/2015,18/07/2002,SO47095,370,25095,6,1
04/08/2015,11/05/2002,SO47092,369,28802,6,1
04/08/2015,14/04/2002,SO47099,324,26134,9,1
04/08/2015,01/05/2002,SO47097,370,21257,9,1
04/08/2015,29/05/2002,SO47094,377,15664,8,1
04/08/2015,28/06/2002,SO47093,369,13380,4,1
04/08/2015,01/05/2002,SO47098,360,12667,9,1
04/08/2015,06/05/2002,SO47091,354,28532,7,1
05/08/2015,18/07/2002,SO47105,371,13319,1,1
05/08/2015,29/06/2002,SO47101,371,16260,10,1
05/08/2015,02/05/2002,SO47106,369,25361,6,1
05/08/2015,14/07/2002,SO47102,370,13424,1,1
05/08/2015,12/04/2002,SO47100,360,11612,10,1
05/08/2015,20/07/2002,SO47103,368,13369,1,1
05/08/2015,12/04/2002,SO47104,379,13279,4,1
06/08/2015,17/06/2002,SO47112,356,20318,6,1
06/08/2015,15/06/2002,SO47115,370,21393,9,1
06/08/2015,07/07/2002,SO47107,352,11616,10,1
06/08/2015,24/04/2002,SO47113,342,15255,4,1
06/08/2015,09/05/2002,SO47109,375,28819,6,1
06/08/2015,23/05/2002,SO47118,362,28541,7,1
06/08/2015,29/05/2002,SO47117,354,12586,9,1
06/08/2015,10/07/2002,SO47111,369,25100,6,1
06/08/2015,30/05/2002,SO47108,369,13839,7,1
06/08/2015,18/07/2002,SO47110,370,28850,6,1
06/08/2015,25/05/2002,SO47114,373,21387,9,1
06/08/2015,27/04/2002,SO47116,387,24611,9,1
07/08/2015,20/04/2002,SO47127,371,21258,9,1
07/08/2015,26/06/2002,SO47126,371,13326,4,1
07/08/2015,03/07/2002,SO47120,381,14006,4,1
07/08/2015,24/05/2002,SO47129,352,12677,9,1
07/08/2015,27/04/2002,SO47119,368,16275,10,1
07/08/2015,13/06/2002,SO47122,371,13362,4,1
07/08/2015,25/05/2002,SO47128,368,21556,9,1
07/08/2015,25/04/2002,SO47121,375,28832,6,1
07/08/2015,27/06/2002,SO47123,371,25408,6,1
07/08/2015,09/06/2002,SO47125,375,13325,4,1
07/08/2015,27/05/2002,SO47124,371,13384,1,1
08/08/2015,15/04/2002,SO47131,371,13243,1,1
08/08/2015,29/06/2002,SO47133,379,13357,4,1
08/08/2015,22/05/2002,SO47130,375,16406,10,1
08/08/2015,01/05/2002,SO47132,375,13283,1,1
08/08/2015,13/07/2002,SO47134,354,26296,1,1
08/08/2015,04/05/2002,SO47136,379,21389,9,1
08/08/2015,10/07/2002,SO47135,342,27027,6,1
08/08/2015,27/05/2002,SO47137,371,13348,4,1
09/08/2015,23/05/2002,SO47142,369,21230,9,1
09/08/2015,04/05/2002,SO47144,342,26033,9,1
09/08/2015,09/07/2002,SO47139,375,13238,4,1
09/08/2015,15/04/2002,SO47145,338,26131,9,1
09/08/2015,20/06/2002,SO47141,371,21225,9,1
09/08/2015,17/07/2002,SO47140,356,26290,4,1
09/08/2015,06/05/2002,SO47143,362,12684,9,1
09/08/2015,29/05/2002,SO47138,379,16308,10,1
10/08/2015,26/06/2002,SO47148,377,21259,9,1
10/08/2015,23/07/2002,SO47147,375,13324,4,1
10/08/2015,21/04/2002,SO47149,360,12669,9,1
10/08/2015,26/06/2002,SO47146,389,18133,8,1
11/08/2015,19/06/2002,SO47151,370,25363,6,1
11/08/2015,28/06/2002,SO47152,360,28547,7,1
11/08/2015,30/05/2002,SO47150,370,15625,8,1
11/08/2015,08/06/2002,SO47154,334,26133,9,1
11/08/2015,28/06/2002,SO47153,320,26024,9,1
12/08/2015,22/07/2002,SO47163,362,12671,9,1
12/08/2015,15/07/2002,SO47162,371,21418,9,1
12/08/2015,14/04/2002,SO47159,362,26300,4,1
12/08/2015,12/05/2002,SO47161,375,21408,9,1
12/08/2015,28/07/2002,SO47155,370,13801,7,1
12/08/2015,30/05/2002,SO47158,360,26280,4,1
12/08/2015,06/05/2002,SO47160,369,21403,9,1
12/08/2015,24/06/2002,SO47157,369,25864,6,1
12/08/2015,16/04/2002,SO47156,373,28837,6,1
13/08/2015,17/04/2002,SO47174,354,12584,9,1
13/08/2015,20/07/2002,SO47170,377,21228,9,1
13/08/2015,10/06/2002,SO47166,368,15656,8,1
13/08/2015,26/04/2002,SO47171,373,21552,9,1
13/08/2015,19/05/2002,SO47168,377,13286,1,1
13/08/2015,02/06/2002,SO47173,356,12675,9,1
13/08/2015,15/07/2002,SO47169,352,26281,4,1
13/08/2015,19/07/2002,SO47175,368,13812,7,1
13/08/2015,18/06/2002,SO47167,375,13419,1,1
13/08/2015,29/05/2002,SO47165,370,15649,8,1
13/08/2015,07/06/2002,SO47172,352,12668,9,1
13/08/2015,29/04/2002,SO47164,360,12123,10,1
14/08/2015,06/07/2002,SO47180,370,13287,4,1
14/08/2015,10/06/2002,SO47184,379,21380,9,1
14/08/2015,13/07/2002,SO47178,383,14026,1,1
14/08/2015,29/07/2002,SO47185,356,12133,10,1
14/08/2015,26/06/2002,SO47181,368,13329,4,1
14/08/2015,25/04/2002,SO47182,354,26298,1,1
14/08/2015,30/07/2002,SO47179,377,28848,6,1
14/08/2015,18/04/2002,SO47183,334,15200,4,1
14/08/2015,07/06/2002,SO47177,381,14022,1,1
14/08/2015,23/06/2002,SO47176,358,11492,8,1
15/08/2015,01/05/2002,SO47186,371,13806,7,1
15/08/2015,26/06/2002,SO47189,373,28818,6,1
15/08/2015,03/05/2002,SO47196,362,26286,4,1
15/08/2015,11/06/2002,SO47188,389,19253,10,1
15/08/2015,05/05/2002,SO47195,371,13355,1,1
15/08/2015,24/04/2002,SO47193,328,20162,8,1
15/08/2015,09/05/2002,SO47192,371,16328,10,1
15/08/2015,25/06/2002,SO47187,385,18134,8,1
15/08/2015,05/06/2002,SO47194,377,13269,1,1
15/08/2015,12/06/2002,SO47191,379,13382,4,1
15/08/2015,01/07/2002,SO47190,369,25892,6,1
15/08/2015,25/04/2002,SO47197,377,21218,9,1
16/08/2015,13/05/2002,SO47198,370,14169,7,1
16/08/2015,23/05/2002,SO47201,356,26277,1,1
16/08/2015,07/06/2002,SO47202,356,26285,1,1
16/08/2015,03/07/2002,SO47199,322,20051,8,1
16/08/2015,08/05/2002,SO47200,373,13247,4,1
17/08/2015,04/06/2002,SO47212,360,12580,9,1
17/08/2015,20/06/2002,SO47209,370,21379,9,1
17/08/2015,09/05/2002,SO47206,332,15256,4,1
17/08/2015,09/06/2002,SO47207,336,27043,6,1
17/08/2015,30/04/2002,SO47211,362,12578,9,1
17/08/2015,28/04/2002,SO47205,352,26301,4,1
17/08/2015,08/05/2002,SO47210,389,24609,9,1
17/08/2015,28/07/2002,SO47208,369,21359,9,1
17/08/2015,31/05/2002,SO47203,370,25883,6,1
17/08/2015,29/05/2002,SO47204,377,25371,6,1
18/08/2015,17/07/2002,SO47214,389,19195,10,1
18/08/2015,27/05/2002,SO47219,362,12577,9,1
18/08/2015,09/07/2002,SO47217,375,21222,9,1
18/08/2015,23/07/2002,SO47213,377,16287,10,1
18/08/2015,13/07/2002,SO47215,368,28836,6,1
18/08/2015,29/06/2002,SO47220,358,12579,9,1
18/08/2015,11/05/2002,SO47218,369,21361,9,1
18/08/2015,24/06/2002,SO47216,360,26299,1,1
19/08/2015,08/07/2002,SO47224,369,15659,8,1
19/08/2015,11/06/2002,SO47228,375,13237,4,1
19/08/2015,08/06/2002,SO47223,370,25875,6,1
19/08/2015,08/06/2002,SO47226,368,13314,4,1
19/08/2015,12/07/2002,SO47227,375,25288,6,1
19/08/2015,05/07/2002,SO47231,362,11564,8,1
19/08/2015,29/07/2002,SO47221,370,13823,7,1
19/08/2015,28/04/2002,SO47230,371,21256,9,1
19/08/2015,17/05/2002,SO47225,375,13277,1,1
19/08/2015,30/06/2002,SO47222,381,26316,6,1
19/08/2015,01/05/2002,SO47229,358,26295,1,1
20/08/2015,02/07/2002,SO47238,370,16405,10,1
20/08/2015,01/08/2002,SO47236,385,14023,4,1
20/08/2015,21/06/2002,SO47233,379,16250,10,1
20/08/2015,15/05/2002,SO47243,338,20712,10,1
20/08/2015,25/06/2002,SO47240,381,24612,9,1
20/08/2015,23/05/2002,SO47235,375,16317,10,1
20/08/2015,24/04/2002,SO47234,389,19260,10,1
20/08/2015,11/07/2002,SO47242,362,28540,7,1
20/08/2015,23/05/2002,SO47237,368,28834,6,1
20/08/2015,27/04/2002,SO47241,368,21559,9,1
20/08/2015,27/07/2002,SO47239,371,21384,9,1
20/08/2015,24/05/2002,SO47232,373,15627,8,1
21/08/2015,02/08/2002,SO47250,379,21217,9,1
21/08/2015,26/04/2002,SO47251,377,21226,9,1
21/08/2015,10/07/2002,SO47245,375,16420,10,1
21/08/2015,26/04/2002,SO47249,377,13346,1,1
21/08/2015,24/04/2002,SO47246,342,20713,10,1
21/08/2015,05/05/2002,SO47253,356,12683,9,1
21/08/2015,15/05/2002,SO47252,352,12676,9,1
21/08/2015,22/05/2002,SO47248,375,13340,4,1
21/08/2015,10/06/2002,SO47244,385,19193,10,1
21/08/2015,11/05/2002,SO47247,371,13292,1,1
22/08/2015,17/07/2002,SO47257,368,14141,7,1
22/08/2015,17/05/2002,SO47258,377,13298,4,1
22/08/2015,20/06/2002,SO47255,358,11561,8,1
22/08/2015,04/07/2002,SO47261,362,26305,1,1
22/08/2015,20/05/2002,SO47262,379,21560,9,1
22/08/2015,08/07/2002,SO47259,375,13351,1,1
22/08/2015,18/06/2002,SO47254,332,15276,4,1
22/08/2015,09/07/2002,SO47256,373,16417,10,1
22/08/2015,20/06/2002,SO47260,375,13233,1,1
22/08/2015,08/05/2002,SO47263,358,12589,9,1
23/08/2015,07/06/2002,SO47266,377,21555,9,1
23/08/2015,24/06/2002,SO47267,352,12674,9,1
23/08/2015,10/05/2002,SO47265,375,13250,4,1
23/08/2015,04/06/2002,SO47264,368,16410,10,1
23/08/2015,17/07/2002,SO47268,375,21402,9,1
24/08/2015,16/07/2002,SO47271,381,18140,8,1
24/08/2015,23/05/2002,SO47277,371,21219,9,1
24/08/2015,28/06/2002,SO47269,362,28512,7,1
24/08/2015,12/05/2002,SO47272,371,29013,6,1
24/08/2015,23/05/2002,SO47279,362,12680,9,1
24/08/2015,17/07/2002,SO47275,338,19076,7,1
24/08/2015,29/06/2002,SO47270,360,28519,7,1
24/08/2015,04/08/2002,SO47273,368,13420,4,1
24/08/2015,02/07/2002,SO47278,379,21404,9,1
24/08/2015,14/06/2002,SO47276,342,15289,4,1
25/08/2015,22/07/2002,SO47285,373,29135,6,1
25/08/2015,18/06/2002,SO47287,375,13280,1,1
25/08/2015,03/06/2002,SO47283,373,15655,8,1
25/08/2015,13/06/2002,SO47282,381,19258,10,1
25/08/2015,24/07/2002,SO47280,352,11615,10,1
25/08/2015,12/06/2002,SO47284,368,13402,4,1
25/08/2015,26/05/2002,SO47289,360,26297,1,1
25/08/2015,27/07/2002,SO47281,389,17099,7,1
25/08/2015,16/07/2002,SO47286,328,19944,8,1
25/08/2015,11/05/2002,SO47288,373,13353,1,1
25/08/2015,28/07/2002,SO47290,368,21558,9,1
26/08/2015,17/06/2002,SO47300,336,20717,10,1
26/08/2015,23/06/2002,SO47297,377,13385,1,1
26/08/2015,28/07/2002,SO47293,385,19192,10,1
26/08/2015,05/05/2002,SO47296,385,14024,4,1
26/08/2015,17/07/2002,SO47294,383,18139,8,1
26/08/2015,28/07/2002,SO47298,371,13403,1,1
26/08/2015,11/08/2002,SO47299,369,13425,1,1
26/08/2015,29/06/2002,SO47291,371,16318,10,1
26/08/2015,30/05/2002,SO47301,358,26292,1,1
26/08/2015,08/07/2002,SO47295,387,14005,4,1
26/08/2015,27/06/2002,SO47303,322,26029,9,1
26/08/2015,12/05/2002,SO47292,379,13811,7,1
26/08/2015,29/06/2002,SO47302,360,12670,9,1
27/08/2015,13/07/2002,SO47309,377,13316,4,1
27/08/2015,30/04/2002,SO47313,373,21231,9,1
27/08/2015,22/07/2002,SO47314,362,12673,9,1
27/08/2015,05/06/2002,SO47310,354,26303,4,1
27/08/2015,30/07/2002,SO47307,334,20711,10,1
27/08/2015,21/06/2002,SO47311,332,15252,1,1
27/08/2015,23/06/2002,SO47305,369,25393,6,1
27/08/2015,16/06/2002,SO47312,332,15280,4,1
27/08/2015,24/05/2002,SO47304,379,16272,10,1
27/08/2015,04/07/2002,SO47308,326,20718,10,1
27/08/2015,30/05/2002,SO47306,369,28798,6,1
28/08/2015,28/06/2002,SO47316,369,13361,1,1
28/08/2015,30/04/2002,SO47318,375,13273,4,1
28/08/2015,09/05/2002,SO47321,373,13354,1,1
28/08/2015,17/05/2002,SO47320,377,13315,4,1
28/08/2015,06/08/2002,SO47322,342,15287,1,1
28/08/2015,25/06/2002,SO47315,379,13840,7,1
28/08/2015,13/08/2002,SO47319,370,13299,4,1
28/08/2015,04/07/2002,SO47317,379,14154,7,1
29/08/2015,12/08/2002,SO47328,360,12681,9,1
29/08/2015,14/05/2002,SO47326,379,13288,4,1
29/08/2015,13/06/2002,SO47325,373,13278,4,1
29/08/2015,19/06/2002,SO47324,377,13400,4,1
29/08/2015,30/05/2002,SO47327,377,13304,1,1
29/08/2015,05/05/2002,SO47323,362,28529,7,1
30/08/2015,23/06/2002,SO47332,356,20350,6,1
30/08/2015,14/08/2002,SO47331,332,20807,10,1
30/08/2015,09/07/2002,SO47330,369,16324,10,1
30/08/2015,17/07/2002,SO47334,369,21557,9,1
30/08/2015,08/08/2002,SO47335,356,12581,9,1
30/08/2015,26/05/2002,SO47333,368,21229,9,1
30/08/2015,04/07/2002,SO47336,338,26027,9,1
30/08/2015,03/08/2002,SO47329,379,13367,1,1
31/08/2015,20/06/2002,SO47347,320,26025,9,1
31/08/2015,08/06/2002,SO47343,379,21553,9,1
31/08/2015,31/07/2002,SO47342,360,26304,1,1
31/08/2015,19/07/2002,SO47348,330,26028,9,1
31/08/2015,04/05/2002,SO47338,373,16277,10,1
31/08/2015,19/06/2002,SO47339,371,15626,8,1
31/08/2015,24/07/2002,SO47340,369,13401,4,1
31/08/2015,13/08/2002,SO47346,360,12585,9,1
31/08/2015,24/06/2002,SO47341,368,25104,6,1
31/08/2015,25/06/2002,SO47337,354,28520,7,1
31/08/2015,22/05/2002,SO47344,354,12686,9,1
31/08/2015,20/07/2002,SO47345,356,12583,9,1
01/09/2015,06/08/2002,SO47461,356,26320,4,1
01/09/2015,27/07/2002,SO47460,320,19255,7,1
02/09/2015,13/07/2002,SO47462,375,15926,8,1
02/09/2015,04/08/2002,SO47465,340,15303,4,1
02/09/2015,24/06/2002,SO47468,328,26152,9,1
02/09/2015,12/08/2002,SO47467,371,13446,4,1
02/09/2015,19/06/2002,SO47466,381,24887,9,1
02/09/2015,23/06/2002,SO47464,370,16461,10,1
02/09/2015,05/08/2002,SO47463,373,14203,7,1
03/09/2015,17/05/2002,SO47474,379,21893,9,1
03/09/2015,29/05/2002,SO47471,370,14539,7,1
03/09/2015,04/06/2002,SO47473,369,21875,9,1
03/09/2015,06/07/2002,SO47472,379,13438,1,1
03/09/2015,07/05/2002,SO47469,383,19301,10,1
03/09/2015,11/08/2002,SO47470,358,28685,7,1
03/09/2015,16/07/2002,SO47475,369,21945,9,1
03/09/2015,25/06/2002,SO47476,352,12693,9,1
04/09/2015,21/06/2002,SO47482,370,21948,9,1
04/09/2015,05/06/2002,SO47478,324,20811,10,1
04/09/2015,23/07/2002,SO47480,371,21568,9,1
04/09/2015,25/05/2002,SO47479,330,20832,10,1
04/09/2015,01/06/2002,SO47481,373,21899,9,1
04/09/2015,22/06/2002,SO47477,352,28560,7,1
05/09/2015,19/06/2002,SO47485,371,14524,7,1
05/09/2015,25/06/2002,SO47486,377,14538,7,1
05/09/2015,04/08/2002,SO47483,379,14424,7,1
06/09/2015,21/07/2002,SO47489,368,21888,9,1
06/09/2015,25/05/2002,SO47490,371,21895,9,1
06/09/2015,20/07/2002,SO47487,377,16427,10,1
06/09/2015,02/07/2002,SO47488,379,13426,4,1
07/09/2015,05/07/2002,SO47492,334,19181,7,1
07/09/2015,16/08/2002,SO47491,369,15932,8,1
08/09/2015,17/06/2002,SO47498,324,27071,6,1
08/09/2015,14/08/2002,SO47493,358,28569,7,1
08/09/2015,27/07/2002,SO47494,373,15927,8,1
08/09/2015,24/07/2002,SO47501,360,12214,10,1
08/09/2015,24/08/2002,SO47495,368,16196,8,1
08/09/2015,25/06/2002,SO47500,369,21951,9,1
08/09/2015,20/07/2002,SO47499,377,21572,9,1
08/09/2015,13/07/2002,SO47497,370,14170,7,1
08/09/2015,04/06/2002,SO47496,371,16470,10,1
09/09/2015,28/06/2002,SO47505,352,26307,4,1
09/09/2015,20/05/2002,SO47507,332,15311,1,1
09/09/2015,13/08/2002,SO47503,383,19299,10,1
09/09/2015,14/05/2002,SO47506,354,26324,1,1
09/09/2015,06/07/2002,SO47504,360,11605,8,1
09/09/2015,11/07/2002,SO47508,370,21892,9,1
09/09/2015,29/07/2002,SO47509,368,21957,9,1
09/09/2015,11/08/2002,SO47510,352,12688,9,1
09/09/2015,17/05/2002,SO47502,383,19278,10,1
10/09/2015,10/07/2002,SO47517,342,15308,4,1
10/09/2015,29/05/2002,SO47511,375,14200,7,1
10/09/2015,16/07/2002,SO47513,368,15675,8,1
10/09/2015,01/06/2002,SO47516,362,26309,4,1
10/09/2015,16/06/2002,SO47512,373,16446,10,1
10/09/2015,11/06/2002,SO47518,373,21946,9,1
10/09/2015,10/08/2002,SO47519,336,26153,9,1
10/09/2015,25/08/2002,SO47515,354,26308,1,1
10/09/2015,27/07/2002,SO47514,377,15684,8,1
11/09/2015,13/06/2002,SO47527,360,28559,7,1
11/09/2015,04/07/2002,SO47521,369,16445,10,1
11/09/2015,18/07/2002,SO47524,370,21567,9,1
11/09/2015,07/06/2002,SO47523,371,13443,1,1
11/09/2015,25/08/2002,SO47522,387,14089,4,1
11/09/2015,28/06/2002,SO47526,354,12215,10,1
11/09/2015,29/07/2002,SO47520,389,19263,10,1
11/09/2015,28/07/2002,SO47525,379,21889,9,1
12/09/2015,11/06/2002,SO47530,328,15312,4,1
12/09/2015,04/06/2002,SO47531,338,15325,1,1
12/09/2015,16/06/2002,SO47529,377,13429,4,1
12/09/2015,30/07/2002,SO47533,371,21886,9,1
12/09/2015,26/08/2002,SO47528,352,11598,8,1
12/09/2015,29/05/2002,SO47534,328,26148,9,1
12/09/2015,11/06/2002,SO47532,383,24888,9,1
13/09/2015,26/05/2002,SO47536,387,14088,1,1
13/09/2015,13/06/2002,SO47542,373,21571,9,1
13/09/2015,04/07/2002,SO47539,328,20824,10,1
13/09/2015,08/06/2002,SO47541,340,15314,4,1
13/09/2015,02/07/2002,SO47537,371,13436,1,1
13/09/2015,06/08/2002,SO47543,377,21956,9,1
13/09/2015,22/05/2002,SO47544,358,12694,9,1
13/09/2015,15/07/2002,SO47538,379,13449,1,1
13/09/2015,09/07/2002,SO47535,385,14083,1,1
13/09/2015,31/07/2002,SO47545,354,28553,7,1
13/09/2015,04/07/2002,SO47540,362,26326,4,1
14/09/2015,26/07/2002,SO47549,342,19256,7,1
14/09/2015,21/05/2002,SO47552,368,21950,9,1
14/09/2015,09/07/2002,SO47548,330,20834,10,1
14/09/2015,09/06/2002,SO47551,371,21878,9,1
14/09/2015,24/06/2002,SO47550,336,15290,1,1
14/09/2015,25/05/2002,SO47554,362,12222,10,1
14/09/2015,13/06/2002,SO47546,360,28683,7,1
14/09/2015,15/07/2002,SO47553,354,12698,9,1
14/09/2015,27/07/2002,SO47555,368,15674,8,1
15/09/2015,20/06/2002,SO47559,362,12699,9,1
15/09/2015,27/06/2002,SO47557,377,13431,1,1
15/09/2015,08/07/2002,SO47558,370,25981,6,1
15/09/2015,23/06/2002,SO47556,379,14701,7,1
16/09/2015,25/05/2002,SO47564,356,12210,10,1
16/09/2015,17/07/2002,SO47562,377,21944,9,1
16/09/2015,23/07/2002,SO47561,320,15328,4,1
16/09/2015,05/08/2002,SO47563,368,21955,9,1
16/09/2015,23/06/2002,SO47560,324,27053,6,1
17/09/2015,05/08/2002,SO47567,379,21570,9,1
17/09/2015,28/08/2002,SO47569,379,21959,9,1
17/09/2015,13/07/2002,SO47565,377,15697,8,1
17/09/2015,31/08/2002,SO47568,375,21885,9,1
17/09/2015,22/07/2002,SO47566,389,24613,9,1
18/09/2015,02/06/2002,SO47572,368,29149,6,1
18/09/2015,28/06/2002,SO47574,332,20171,8,1
18/09/2015,24/05/2002,SO47576,377,21877,9,1
18/09/2015,16/08/2002,SO47577,370,21891,9,1
18/09/2015,24/06/2002,SO47571,377,14185,7,1
18/09/2015,07/06/2002,SO47578,352,12687,9,1
18/09/2015,12/06/2002,SO47570,352,28562,7,1
18/09/2015,02/07/2002,SO47575,362,26315,4,1
18/09/2015,30/06/2002,SO47573,369,13435,4,1
19/09/2015,29/07/2002,SO47587,371,21874,9,1
19/09/2015,19/07/2002,SO47584,340,19194,7,1
19/09/2015,27/07/2002,SO47580,389,14080,1,1
19/09/2015,23/05/2002,SO47585,328,15320,1,1
19/09/2015,29/05/2002,SO47586,326,15322,1,1
19/09/2015,30/06/2002,SO47579,371,16197,8,1
19/09/2015,20/08/2002,SO47582,373,13433,4,1
19/09/2015,12/07/2002,SO47583,379,13442,1,1
19/09/2015,04/07/2002,SO47581,375,29152,6,1
20/09/2015,24/05/2002,SO47589,383,14036,1,1
20/09/2015,20/07/2002,SO47594,342,26154,9,1
20/09/2015,14/08/2002,SO47591,360,26313,4,1
20/09/2015,31/07/2002,SO47590,356,26312,1,1
20/09/2015,31/08/2002,SO47593,324,26135,9,1
20/09/2015,04/09/2002,SO47592,385,24614,9,1
20/09/2015,16/07/2002,SO47588,379,16428,10,1
21/09/2015,02/09/2002,SO47599,362,26327,4,1
21/09/2015,07/07/2002,SO47595,369,14186,7,1
21/09/2015,05/07/2002,SO47598,358,26306,4,1
21/09/2015,07/06/2002,SO47597,373,25971,6,1
21/09/2015,25/07/2002,SO47596,373,16199,8,1
22/09/2015,27/05/2002,SO47600,389,17188,7,1
22/09/2015,27/06/2002,SO47603,379,21562,9,1
22/09/2015,17/08/2002,SO47602,322,19174,7,1
22/09/2015,14/08/2002,SO47604,375,21876,9,1
22/09/2015,11/06/2002,SO47601,379,14192,7,1
23/09/2015,24/08/2002,SO47605,389,17187,7,1
23/09/2015,06/08/2002,SO47609,334,15309,4,1
23/09/2015,14/07/2002,SO47611,330,26140,9,1
23/09/2015,20/06/2002,SO47610,338,27075,6,1
23/09/2015,28/07/2002,SO47608,352,26322,1,1
23/09/2015,23/08/2002,SO47607,389,14081,4,1
23/09/2015,04/06/2002,SO47606,375,15928,8,1
24/09/2015,02/06/2002,SO47620,352,12239,10,1
24/09/2015,13/07/2002,SO47614,330,15302,4,1
24/09/2015,25/08/2002,SO47615,342,15329,4,1
24/09/2015,30/07/2002,SO47617,377,21943,9,1
24/09/2015,24/08/2002,SO47618,379,21947,9,1
24/09/2015,13/06/2002,SO47612,369,16465,10,1
24/09/2015,19/08/2002,SO47616,371,21873,9,1
24/09/2015,20/07/2002,SO47613,387,14037,4,1
24/09/2015,22/08/2002,SO47619,356,12689,9,1
25/09/2015,18/08/2002,SO47623,369,21569,9,1
25/09/2015,04/06/2002,SO47624,371,21949,9,1
25/09/2015,06/09/2002,SO47622,338,20837,10,1
25/09/2015,28/06/2002,SO47625,377,21958,9,1
25/09/2015,01/09/2002,SO47626,320,26150,9,1
25/09/2015,29/07/2002,SO47621,385,14044,4,1
26/09/2015,05/09/2002,SO47630,354,26311,1,1
26/09/2015,14/08/2002,SO47633,371,21894,9,1
26/09/2015,12/06/2002,SO47627,370,16444,10,1
26/09/2015,29/07/2002,SO47635,354,12216,10,1
26/09/2015,14/08/2002,SO47634,356,11570,8,1
26/09/2015,27/08/2002,SO47632,342,27060,6,1
26/09/2015,25/07/2002,SO47636,330,26142,9,1
26/09/2015,04/07/2002,SO47629,370,15685,8,1
26/09/2015,31/07/2002,SO47631,352,26325,1,1
26/09/2015,10/07/2002,SO47628,369,16509,10,1
27/09/2015,27/08/2002,SO47639,328,15321,4,1
27/09/2015,12/07/2002,SO47637,371,13447,4,1
27/09/2015,16/08/2002,SO47638,362,26319,4,1
28/09/2015,16/07/2002,SO47640,354,26317,1,1
28/09/2015,12/06/2002,SO47641,320,27062,6,1
29/09/2015,26/06/2002,SO47648,356,12263,10,1
29/09/2015,06/07/2002,SO47647,368,21897,9,1
29/09/2015,27/08/2002,SO47644,375,15693,8,1
29/09/2015,03/07/2002,SO47645,375,14555,7,1
29/09/2015,13/09/2002,SO47646,352,20373,6,1
29/09/2015,27/06/2002,SO47643,389,19290,10,1
29/09/2015,16/08/2002,SO47642,383,17109,7,1
30/09/2015,26/08/2002,SO47651,377,25911,6,1
30/09/2015,29/08/2002,SO47654,387,24615,9,1
30/09/2015,30/06/2002,SO47656,368,21882,9,1
30/09/2015,14/06/2002,SO47649,377,16447,10,1
30/09/2015,25/08/2002,SO47655,385,24889,9,1
30/09/2015,22/08/2002,SO47653,324,20163,8,1
30/09/2015,25/06/2002,SO47657,326,26138,9,1
30/09/2015,10/09/2002,SO47652,332,20825,10,1
30/09/2015,19/06/2002,SO47650,370,16512,10,1
01/10/2015,13/09/2002,SO47738,326,26165,9,1
01/10/2015,02/09/2002,SO47736,358,12705,9,1
01/10/2015,08/08/2002,SO47733,375,13461,4,1
01/10/2015,03/06/2002,SO47737,356,13018,9,1
01/10/2015,03/06/2002,SO47735,342,27084,6,1
01/10/2015,12/09/2002,SO47732,369,13452,4,1
01/10/2015,09/09/2002,SO47734,332,15333,4,1
01/10/2015,31/07/2002,SO47731,362,12283,10,1
02/10/2015,12/07/2002,SO47743,362,12988,9,1
02/10/2015,12/06/2002,SO47744,360,12989,9,1
02/10/2015,12/08/2002,SO47741,336,15343,4,1
02/10/2015,12/07/2002,SO47739,328,20839,10,1
02/10/2015,07/07/2002,SO47742,375,22180,9,1
02/10/2015,28/07/2002,SO47745,360,12998,9,1
02/10/2015,16/08/2002,SO47740,324,15337,4,1
02/10/2015,20/08/2002,SO47746,358,13022,9,1
03/10/2015,22/08/2002,SO47747,371,16253,8,1
03/10/2015,11/09/2002,SO47749,371,22172,9,1
03/10/2015,14/06/2002,SO47751,369,21983,9,1
03/10/2015,12/06/2002,SO47750,369,21976,9,1
03/10/2015,27/06/2002,SO47748,352,26485,1,1
03/10/2015,22/08/2002,SO47753,360,13020,9,1
03/10/2015,12/09/2002,SO47752,377,21994,9,1
04/10/2015,16/09/2002,SO47755,387,17195,7,1
04/10/2015,22/07/2002,SO47758,371,16550,10,1
04/10/2015,16/08/2002,SO47760,371,13482,4,1
04/10/2015,27/07/2002,SO47756,354,12272,10,1
04/10/2015,07/07/2002,SO47759,375,14773,7,1
04/10/2015,27/06/2002,SO47757,379,16530,10,1
05/10/2015,23/06/2002,SO47763,379,22170,9,1
05/10/2015,13/09/2002,SO47762,352,26330,1,1
05/10/2015,06/07/2002,SO47761,324,20548,8,1
06/10/2015,09/09/2002,SO47766,358,26329,4,1
06/10/2015,29/06/2002,SO47768,371,21985,9,1
06/10/2015,30/08/2002,SO47767,381,24902,9,1
06/10/2015,07/09/2002,SO47765,360,26343,1,1
06/10/2015,05/09/2002,SO47764,356,28711,7,1
06/10/2015,17/06/2002,SO47769,360,12703,9,1
06/10/2015,03/08/2002,SO47770,342,26375,9,1
07/10/2015,28/07/2002,SO47773,324,15345,4,1
07/10/2015,05/07/2002,SO47775,369,21980,9,1
07/10/2015,16/07/2002,SO47776,352,13007,9,1
07/10/2015,19/09/2002,SO47774,332,15346,4,1
07/10/2015,16/08/2002,SO47771,377,22181,9,1
07/10/2015,21/08/2002,SO47772,369,22195,9,1
08/10/2015,17/08/2002,SO47781,379,25991,6,1
08/10/2015,18/08/2002,SO47778,354,12284,10,1
08/10/2015,14/08/2002,SO47782,377,22032,9,1
08/10/2015,25/07/2002,SO47780,381,14105,4,1
08/10/2015,21/08/2002,SO47783,371,22197,9,1
08/10/2015,09/08/2002,SO47784,356,13078,9,1
08/10/2015,21/07/2002,SO47779,375,16269,8,1
09/10/2015,23/07/2002,SO47785,356,28708,7,1
09/10/2015,18/08/2002,SO47786,370,14719,7,1
09/10/2015,19/08/2002,SO47787,368,16585,10,1
10/10/2015,22/08/2002,SO47789,375,13453,4,1
10/10/2015,24/08/2002,SO47790,371,22173,9,1
10/10/2015,31/07/2002,SO47788,379,16546,10,1
10/10/2015,10/07/2002,SO47791,358,13036,9,1
11/10/2015,15/06/2002,SO47792,369,16207,8,1
11/10/2015,25/07/2002,SO47797,371,21986,9,1
11/10/2015,02/08/2002,SO47795,379,22004,9,1
11/10/2015,07/08/2002,SO47794,354,20375,6,1
11/10/2015,15/09/2002,SO47796,371,21979,9,1
11/10/2015,08/09/2002,SO47798,354,13000,9,1
11/10/2015,22/06/2002,SO47793,368,14716,7,1
12/10/2015,02/08/2002,SO47799,360,12264,10,1
12/10/2015,15/08/2002,SO47810,332,26204,9,1
12/10/2015,13/09/2002,SO47800,373,14798,7,1
12/10/2015,17/08/2002,SO47803,379,22000,9,1
12/10/2015,10/07/2002,SO47805,379,22198,9,1
12/10/2015,21/09/2002,SO47806,340,15348,1,1
12/10/2015,01/07/2002,SO47809,338,26187,9,1
12/10/2015,17/07/2002,SO47804,370,22178,9,1
12/10/2015,05/08/2002,SO47801,328,20555,8,1
12/10/2015,23/09/2002,SO47807,379,16575,10,1
12/10/2015,16/08/2002,SO47808,342,26161,9,1
13/10/2015,26/07/2002,SO47818,324,15364,1,1
13/10/2015,15/08/2002,SO47813,383,14098,1,1
13/10/2015,11/07/2002,SO47814,360,26338,4,1
13/10/2015,15/08/2002,SO47812,377,16252,8,1
13/10/2015,09/09/2002,SO47822,354,13051,9,1
13/10/2015,21/07/2002,SO47819,375,21968,9,1
13/10/2015,07/08/2002,SO47823,336,26160,9,1
13/10/2015,28/07/2002,SO47815,371,22033,9,1
13/10/2015,30/06/2002,SO47817,371,22200,9,1
13/10/2015,17/08/2002,SO47816,369,22174,9,1
13/10/2015,20/09/2002,SO47820,352,13025,9,1
13/10/2015,17/07/2002,SO47811,352,12271,10,1
13/10/2015,15/07/2002,SO47821,352,13038,9,1
14/10/2015,28/08/2002,SO47824,368,16267,8,1
14/10/2015,07/09/2002,SO47826,370,22168,9,1
14/10/2015,31/08/2002,SO47827,370,22175,9,1
14/10/2015,26/09/2002,SO47828,368,21984,9,1
14/10/2015,29/06/2002,SO47829,352,12706,9,1
14/10/2015,27/07/2002,SO47825,320,20560,8,1
15/10/2015,19/09/2002,SO47832,369,13478,1,1
15/10/2015,25/09/2002,SO47830,383,19308,10,1
15/10/2015,29/07/2002,SO47834,375,22196,9,1
15/10/2015,30/06/2002,SO47835,383,24904,9,1
15/10/2015,23/07/2002,SO47831,362,12281,10,1
15/10/2015,28/08/2002,SO47833,373,22031,9,1
16/10/2015,19/08/2002,SO47844,371,21996,9,1
16/10/2015,23/06/2002,SO47841,362,26490,4,1
16/10/2015,20/06/2002,SO47837,356,12277,10,1
16/10/2015,21/09/2002,SO47839,320,20838,10,1
16/10/2015,22/08/2002,SO47842,322,15338,4,1
16/10/2015,24/06/2002,SO47840,334,20584,8,1
16/10/2015,08/09/2002,SO47843,332,15339,4,1
16/10/2015,18/08/2002,SO47836,356,28707,7,1
16/10/2015,21/08/2002,SO47838,371,13456,1,1
17/10/2015,13/07/2002,SO47847,368,16278,8,1
17/10/2015,14/07/2002,SO47849,322,15342,4,1
17/10/2015,23/08/2002,SO47845,369,16206,8,1
17/10/2015,16/08/2002,SO47848,358,26328,4,1
17/10/2015,02/10/2002,SO47846,368,14779,7,1
17/10/2015,27/06/2002,SO47850,320,15350,1,1
18/10/2015,06/08/2002,SO47852,354,26342,4,1
18/10/2015,17/07/2002,SO47855,354,12987,9,1
18/10/2015,22/09/2002,SO47856,362,12995,9,1
18/10/2015,15/08/2002,SO47854,320,15341,4,1
18/10/2015,06/09/2002,SO47857,360,13024,9,1
18/10/2015,21/08/2002,SO47851,358,26331,1,1
18/10/2015,24/06/2002,SO47853,362,26487,1,1
19/10/2015,08/07/2002,SO47869,326,26190,9,1
19/10/2015,23/08/2002,SO47858,385,19302,10,1
19/10/2015,09/07/2002,SO47860,352,26339,1,1
19/10/2015,30/08/2002,SO47862,379,22199,9,1
19/10/2015,24/07/2002,SO47865,352,12701,9,1
19/10/2015,14/07/2002,SO47867,360,12991,9,1
19/10/2015,27/06/2002,SO47868,354,13021,9,1
19/10/2015,16/09/2002,SO47866,352,12990,9,1
19/10/2015,30/08/2002,SO47861,356,20470,6,1
19/10/2015,09/07/2002,SO47864,373,21966,9,1
20/10/2015,03/10/2002,SO47871,371,14708,7,1
20/10/2015,05/10/2002,SO47877,322,20851,10,1
20/10/2015,23/09/2002,SO47870,383,19305,10,1
20/10/2015,22/09/2002,SO47874,373,13462,1,1
20/10/2015,11/08/2002,SO47873,383,26321,6,1
20/10/2015,01/09/2002,SO47875,375,25992,6,1
20/10/2015,20/08/2002,SO47872,379,14790,7,1
20/10/2015,09/08/2002,SO47876,338,20848,10,1
20/10/2015,31/07/2002,SO47878,358,12702,9,1
21/10/2015,05/07/2002,SO47886,358,13011,9,1
21/10/2015,28/06/2002,SO47885,385,24901,9,1
21/10/2015,08/07/2002,SO47888,354,13050,9,1
21/10/2015,03/10/2002,SO47881,379,16553,10,1
21/10/2015,25/06/2002,SO47879,387,18157,8,1
21/10/2015,02/07/2002,SO47880,360,28689,7,1
21/10/2015,03/08/2002,SO47887,356,13012,9,1
21/10/2015,23/09/2002,SO47883,352,26481,4,1
21/10/2015,04/08/2002,SO47882,375,13464,4,1
22/10/2015,01/09/2002,SO47895,332,15347,4,1
22/10/2015,02/07/2002,SO47890,370,16263,8,1
22/10/2015,26/07/2002,SO47893,371,25989,6,1
22/10/2015,28/06/2002,SO47892,389,26373,6,1
22/10/2015,06/09/2002,SO47889,377,16541,10,1
22/10/2015,07/07/2002,SO47894,358,26344,4,1
22/10/2015,23/08/2002,SO47891,373,16290,8,1
23/10/2015,21/09/2002,SO47902,360,13076,9,1
23/10/2015,23/07/2002,SO47899,358,12996,9,1
23/10/2015,09/07/2002,SO47901,354,13075,9,1
23/10/2015,22/08/2002,SO47900,362,13035,9,1
23/10/2015,27/06/2002,SO47897,377,16573,10,1
23/10/2015,03/09/2002,SO47898,322,19276,7,1
23/10/2015,05/09/2002,SO47896,389,17206,7,1
24/10/2015,29/08/2002,SO47911,358,13077,9,1
24/10/2015,11/07/2002,SO47910,352,13049,9,1
24/10/2015,14/07/2002,SO47904,377,16562,10,1
24/10/2015,17/07/2002,SO47907,369,21999,9,1
24/10/2015,11/07/2002,SO47903,368,14714,7,1
24/10/2015,19/07/2002,SO47905,373,29336,6,1
24/10/2015,17/07/2002,SO47909,356,12999,9,1
24/10/2015,09/07/2002,SO47908,362,20468,6,1
24/10/2015,18/08/2002,SO47906,338,27082,6,1
25/10/2015,08/10/2002,SO47917,358,13001,9,1
25/10/2015,05/10/2002,SO47913,368,29159,6,1
25/10/2015,21/08/2002,SO47915,360,26351,4,1
25/10/2015,02/07/2002,SO47914,334,20556,8,1
25/10/2015,10/08/2002,SO47912,360,28724,7,1
25/10/2015,01/10/2002,SO47916,383,24903,9,1
25/10/2015,19/07/2002,SO47918,362,13006,9,1
26/10/2015,07/08/2002,SO47923,358,26486,4,1
26/10/2015,25/08/2002,SO47925,385,24900,9,1
26/10/2015,28/06/2002,SO47926,360,13079,9,1
26/10/2015,25/08/2002,SO47927,330,26188,9,1
26/10/2015,19/07/2002,SO47919,381,17216,7,1
26/10/2015,03/07/2002,SO47922,379,13468,1,1
26/10/2015,28/08/2002,SO47924,377,22171,9,1
26/10/2015,23/08/2002,SO47921,379,14796,7,1
26/10/2015,01/10/2002,SO47920,358,12282,10,1
27/10/2015,02/07/2002,SO47929,368,29281,6,1
27/10/2015,28/08/2002,SO47930,377,21982,9,1
27/10/2015,05/08/2002,SO47928,377,29154,6,1
28/10/2015,13/08/2002,SO47935,375,22194,9,1
28/10/2015,01/09/2002,SO47933,373,16270,8,1
28/10/2015,23/09/2002,SO47932,373,16561,10,1
28/10/2015,03/10/2002,SO47931,370,16531,10,1
28/10/2015,15/09/2002,SO47934,385,14106,4,1
28/10/2015,03/07/2002,SO47936,324,26192,9,1
29/10/2015,17/07/2002,SO47940,354,12994,9,1
29/10/2015,20/09/2002,SO47941,356,13010,9,1
29/10/2015,15/07/2002,SO47942,336,26167,9,1
29/10/2015,03/07/2002,SO47937,320,20549,8,1
29/10/2015,18/07/2002,SO47938,371,21969,9,1
29/10/2015,26/08/2002,SO47939,371,21987,9,1
30/10/2015,24/08/2002,SO47947,387,14109,4,1
30/10/2015,18/09/2002,SO47945,370,14791,7,1
30/10/2015,13/09/2002,SO47946,369,14802,7,1
30/10/2015,06/07/2002,SO47944,362,28690,7,1
30/10/2015,20/09/2002,SO47943,385,17196,7,1
30/10/2015,17/09/2002,SO47950,356,26484,4,1
30/10/2015,14/08/2002,SO47954,322,26191,9,1
30/10/2015,17/07/2002,SO47949,377,13477,4,1
30/10/2015,23/08/2002,SO47951,356,12700,9,1
30/10/2015,12/07/2002,SO47952,369,22193,9,1
30/10/2015,20/08/2002,SO47948,369,13450,1,1
30/10/2015,20/07/2002,SO47953,369,21974,9,1
31/10/2015,13/08/2002,SO47955,377,16554,10,1
31/10/2015,04/07/2002,SO47956,369,16271,8,1
31/10/2015,09/07/2002,SO47957,389,14095,4,1
31/10/2015,09/10/2002,SO47959,326,26189,9,1
31/10/2015,12/10/2002,SO47958,328,15349,4,1
01/11/2015,02/10/2002,SO48093,377,16588,10,1
01/11/2015,03/10/2002,SO48097,369,22412,9,1
01/11/2015,14/10/2002,SO48096,328,15398,4,1
01/11/2015,04/10/2002,SO48094,370,13657,1,1
01/11/2015,22/08/2002,SO48098,377,22400,9,1
01/11/2015,05/07/2002,SO48095,332,20590,8,1
02/11/2015,04/10/2002,SO48099,360,12128,8,1
02/11/2015,16/08/2002,SO48100,356,26546,4,1
02/11/2015,02/09/2002,SO48101,369,22575,9,1
02/11/2015,09/08/2002,SO48102,379,22576,9,1
03/11/2015,16/07/2002,SO48107,370,22580,9,1
03/11/2015,30/07/2002,SO48103,377,16389,8,1
03/11/2015,01/09/2002,SO48108,389,24905,9,1
03/11/2015,06/08/2002,SO48104,322,20859,10,1
03/11/2015,23/08/2002,SO48106,360,20546,6,1
03/11/2015,20/08/2002,SO48105,356,26513,1,1
04/11/2015,23/07/2002,SO48109,369,13489,1,1
05/11/2015,25/07/2002,SO48115,320,26442,9,1
05/11/2015,30/07/2002,SO48111,383,14112,4,1
05/11/2015,13/10/2002,SO48114,320,26439,9,1
05/11/2015,23/07/2002,SO48110,371,16307,8,1
05/11/2015,02/10/2002,SO48113,334,20716,8,1
05/11/2015,27/07/2002,SO48112,371,13712,1,1
06/11/2015,03/10/2002,SO48124,326,26436,9,1
06/11/2015,29/09/2002,SO48121,369,22410,9,1
06/11/2015,04/09/2002,SO48117,377,14930,7,1
06/11/2015,13/08/2002,SO48123,360,13080,9,1
06/11/2015,28/07/2002,SO48118,377,16309,8,1
06/11/2015,20/07/2002,SO48122,369,22207,9,1
06/11/2015,25/08/2002,SO48116,381,19312,10,1
06/11/2015,19/08/2002,SO48120,324,15388,4,1
07/11/2015,01/08/2002,SO48129,377,22582,9,1
07/11/2015,09/10/2002,SO48128,352,26534,4,1
07/11/2015,13/09/2002,SO48127,342,20598,8,1
07/11/2015,18/10/2002,SO48125,389,14239,4,1
07/11/2015,18/07/2002,SO48126,387,14115,1,1
08/11/2015,23/09/2002,SO48133,377,22571,9,1
08/11/2015,30/07/2002,SO48131,360,20483,6,1
08/11/2015,26/07/2002,SO48136,354,13082,9,1
08/11/2015,25/07/2002,SO48132,352,26521,1,1
08/11/2015,04/08/2002,SO48134,371,22202,9,1
08/11/2015,18/10/2002,SO48135,383,24910,9,1
08/11/2015,04/10/2002,SO48130,368,16829,10,1
09/11/2015,08/08/2002,SO48138,373,14818,7,1
09/11/2015,14/10/2002,SO48140,330,15374,4,1
09/11/2015,17/07/2002,SO48139,370,22857,9,1
09/11/2015,05/09/2002,SO48137,352,12130,8,1
10/11/2015,03/08/2002,SO48142,362,12213,8,1
10/11/2015,26/07/2002,SO48147,377,22845,9,1
10/11/2015,21/10/2002,SO48146,371,22578,9,1
10/11/2015,03/10/2002,SO48143,326,20720,8,1
10/11/2015,19/10/2002,SO48145,362,26491,1,1
10/11/2015,17/08/2002,SO48144,370,16823,10,1
10/11/2015,31/08/2002,SO48141,354,12299,10,1
11/11/2015,20/10/2002,SO48149,371,16298,8,1
11/11/2015,28/07/2002,SO48154,377,22402,9,1
11/11/2015,15/08/2002,SO48155,371,22408,9,1
11/11/2015,12/10/2002,SO48151,332,19280,7,1
11/11/2015,16/10/2002,SO48152,352,26536,4,1
11/11/2015,15/09/2002,SO48148,362,11614,8,1
11/11/2015,09/10/2002,SO48157,371,22851,9,1
11/11/2015,21/09/2002,SO48150,369,16822,10,1
11/11/2015,30/09/2002,SO48158,328,26433,9,1
11/11/2015,31/08/2002,SO48156,377,22581,9,1
11/11/2015,17/08/2002,SO48153,362,26575,4,1
12/11/2015,17/09/2002,SO48161,371,16938,10,1
12/11/2015,27/07/2002,SO48164,328,26438,9,1
12/11/2015,17/08/2002,SO48162,369,13714,1,1
12/11/2015,02/09/2002,SO48163,375,22854,9,1
12/11/2015,26/07/2002,SO48160,371,14848,7,1
12/11/2015,01/08/2002,SO48159,389,19322,10,1
13/11/2015,28/10/2002,SO48165,373,16327,8,1
13/11/2015,16/09/2002,SO48167,362,26539,4,1
13/11/2015,13/08/2002,SO48166,368,13484,4,1
13/11/2015,09/08/2002,SO48168,373,22904,9,1
14/11/2015,15/09/2002,SO48171,370,16313,8,1
14/11/2015,22/10/2002,SO48170,354,11613,8,1
14/11/2015,26/07/2002,SO48169,377,13653,1,1
14/11/2015,28/10/2002,SO48173,375,13704,1,1
14/11/2015,20/10/2002,SO48172,369,13658,1,1
15/11/2015,23/07/2002,SO48176,336,15379,4,1
15/11/2015,12/09/2002,SO48175,354,26545,4,1
16/11/2015,23/08/2002,SO48181,370,13705,1,1
16/11/2015,06/09/2002,SO48178,352,12125,8,1
16/11/2015,13/08/2002,SO48177,385,17633,7,1
16/11/2015,08/08/2002,SO48180,379,16316,8,1
16/11/2015,14/09/2002,SO48179,369,16828,10,1
16/11/2015,21/09/2002,SO48184,381,24908,9,1
16/11/2015,04/09/2002,SO48182,360,26600,4,1
16/11/2015,04/10/2002,SO48183,373,22583,9,1
17/11/2015,24/10/2002,SO48189,324,15371,1,1
17/11/2015,30/10/2002,SO48186,379,16297,8,1
17/11/2015,26/10/2002,SO48188,377,22579,9,1
17/11/2015,09/10/2002,SO48190,322,26443,9,1
17/11/2015,06/09/2002,SO48187,334,20862,10,1
17/11/2015,20/10/2002,SO48185,360,12286,10,1
18/11/2015,28/08/2002,SO48195,371,22399,9,1
18/11/2015,21/08/2002,SO48196,326,26440,9,1
18/11/2015,06/08/2002,SO48194,369,22401,9,1
18/11/2015,26/08/2002,SO48192,377,13702,4,1
18/11/2015,23/08/2002,SO48191,330,19292,7,1
18/11/2015,26/08/2002,SO48197,322,26422,9,1
18/11/2015,03/11/2002,SO48193,352,26499,4,1
19/11/2015,06/10/2002,SO48198,389,18164,8,1
19/11/2015,07/10/2002,SO48199,373,16595,10,1
19/11/2015,09/08/2002,SO48201,356,26601,4,1
19/11/2015,27/07/2002,SO48200,358,26537,1,1
20/11/2015,06/08/2002,SO48204,334,26445,9,1
20/11/2015,15/09/2002,SO48207,373,22407,9,1
20/11/2015,23/08/2002,SO48209,320,15369,1,1
20/11/2015,18/08/2002,SO48210,354,13089,9,1
20/11/2015,07/10/2002,SO48203,360,12226,8,1
20/11/2015,13/09/2002,SO48202,356,12225,8,1
20/11/2015,16/10/2002,SO48208,370,22201,9,1
20/11/2015,17/08/2002,SO48205,362,26509,1,1
20/11/2015,14/10/2002,SO48206,352,26538,4,1
21/11/2015,15/10/2002,SO48214,368,16409,8,1
21/11/2015,15/08/2002,SO48212,362,12289,10,1
21/11/2015,30/08/2002,SO48211,385,17634,7,1
21/11/2015,30/08/2002,SO48216,324,20719,8,1
21/11/2015,26/09/2002,SO48217,324,15380,1,1
21/11/2015,06/09/2002,SO48213,358,12292,10,1
21/11/2015,24/10/2002,SO48215,387,26482,6,1
22/11/2015,12/08/2002,SO48218,368,16594,10,1
22/11/2015,05/11/2002,SO48220,375,22409,9,1
22/11/2015,26/10/2002,SO48219,354,26511,4,1
22/11/2015,29/09/2002,SO48221,336,15365,4,1
23/11/2015,30/08/2002,SO48222,381,14116,1,1
23/11/2015,28/09/2002,SO48223,383,14120,4,1
23/11/2015,11/08/2002,SO48225,371,22573,9,1
23/11/2015,10/10/2002,SO48224,354,26581,1,1
23/11/2015,15/08/2002,SO48226,326,26444,9,1
24/11/2015,09/08/2002,SO48234,373,22203,9,1
24/11/2015,25/09/2002,SO48235,320,15367,1,1
24/11/2015,23/08/2002,SO48233,371,22850,9,1
24/11/2015,18/10/2002,SO48236,338,26423,9,1
24/11/2015,05/10/2002,SO48231,362,26579,4,1
24/11/2015,02/09/2002,SO48229,354,26510,4,1
24/11/2015,06/11/2002,SO48232,330,15396,1,1
24/11/2015,10/08/2002,SO48228,368,16598,10,1
24/11/2015,28/07/2002,SO48227,368,14813,7,1
24/11/2015,09/08/2002,SO48230,360,26530,1,1
25/11/2015,04/11/2002,SO48243,371,22411,9,1
25/11/2015,23/09/2002,SO48242,356,26532,4,1
25/11/2015,31/10/2002,SO48237,379,14925,7,1
25/11/2015,01/11/2002,SO48244,371,22860,9,1
25/11/2015,04/09/2002,SO48241,360,26520,1,1
25/11/2015,30/09/2002,SO48239,373,13700,4,1
25/11/2015,07/08/2002,SO48238,368,16831,10,1
25/11/2015,13/10/2002,SO48240,322,20856,10,1
26/11/2015,16/09/2002,SO48250,370,22572,9,1
26/11/2015,03/11/2002,SO48247,373,16390,8,1
26/11/2015,25/09/2002,SO48246,354,12218,8,1
26/11/2015,10/08/2002,SO48249,336,15394,4,1
26/11/2015,12/09/2002,SO48245,354,12129,8,1
26/11/2015,11/11/2002,SO48248,328,20852,10,1
27/11/2015,15/10/2002,SO48256,385,14240,1,1
27/11/2015,26/10/2002,SO48255,385,26496,6,1
27/11/2015,03/11/2002,SO48259,326,27085,6,1
27/11/2015,13/10/2002,SO48261,328,27101,6,1
27/11/2015,01/09/2002,SO48254,383,14117,1,1
27/11/2015,08/10/2002,SO48252,320,20864,10,1
27/11/2015,11/09/2002,SO48262,385,24909,9,1
27/11/2015,13/09/2002,SO48257,320,19282,7,1
27/11/2015,13/09/2002,SO48253,369,14926,7,1
27/11/2015,31/07/2002,SO48251,389,17641,7,1
27/11/2015,01/08/2002,SO48258,324,19287,7,1
27/11/2015,19/10/2002,SO48264,328,26437,9,1
27/11/2015,18/08/2002,SO48263,328,26435,9,1
27/11/2015,27/10/2002,SO48260,322,27099,6,1
28/11/2015,30/08/2002,SO48266,370,13713,1,1
28/11/2015,19/08/2002,SO48265,369,16945,10,1
28/11/2015,30/08/2002,SO48269,324,20863,10,1
28/11/2015,02/10/2002,SO48267,326,27102,6,1
28/11/2015,08/11/2002,SO48268,370,22406,9,1
28/11/2015,24/09/2002,SO48270,360,13081,9,1
29/11/2015,16/10/2002,SO48272,371,14931,7,1
29/11/2015,24/10/2002,SO48271,356,28727,7,1
29/11/2015,19/09/2002,SO48274,370,22404,9,1
29/11/2015,13/10/2002,SO48273,369,16589,10,1
29/11/2015,20/09/2002,SO48275,387,24907,9,1
29/11/2015,26/10/2002,SO48276,324,26429,9,1
30/11/2015,19/10/2002,SO48277,360,12287,10,1
30/11/2015,12/08/2002,SO48284,377,22577,9,1
30/11/2015,11/11/2002,SO48281,371,13492,4,1
30/11/2015,11/08/2002,SO48279,381,14121,1,1
30/11/2015,14/09/2002,SO48280,377,13487,4,1
30/11/2015,15/09/2002,SO48282,362,26540,4,1
30/11/2015,09/10/2002,SO48283,322,15389,4,1
30/11/2015,19/09/2002,SO48285,322,15372,1,1
30/11/2015,11/09/2002,SO48278,368,16305,8,1
01/12/2015,09/11/2002,SO48406,326,15473,4,1
01/12/2015,15/09/2002,SO48405,356,12316,10,1
01/12/2015,24/08/2002,SO48409,370,22940,9,1
01/12/2015,26/09/2002,SO48402,379,17627,10,1
01/12/2015,09/10/2002,SO48410,358,26649,4,1
01/12/2015,08/11/2002,SO48408,379,22927,9,1
01/12/2015,20/08/2002,SO48401,375,16451,8,1
01/12/2015,30/09/2002,SO48403,383,14285,4,1
01/12/2015,14/09/2002,SO48407,375,22913,9,1
01/12/2015,09/11/2002,SO48404,377,13730,1,1
01/12/2015,09/09/2002,SO48400,326,20830,8,1
02/12/2015,12/08/2002,SO48419,338,26585,9,1
02/12/2015,22/08/2002,SO48413,383,14288,4,1
02/12/2015,02/11/2002,SO48418,352,13114,9,1
02/12/2015,10/09/2002,SO48415,356,26634,4,1
02/12/2015,08/09/2002,SO48412,342,19310,7,1
02/12/2015,24/08/2002,SO48416,320,15472,1,1
02/12/2015,25/09/2002,SO48411,371,17182,10,1
02/12/2015,29/10/2002,SO48414,369,13718,1,1
02/12/2015,23/08/2002,SO48417,368,22932,9,1
03/12/2015,14/10/2002,SO48424,377,15070,7,1
03/12/2015,13/11/2002,SO48433,379,23102,9,1
03/12/2015,05/09/2002,SO48435,377,22953,9,1
03/12/2015,06/09/2002,SO48423,340,19297,7,1
03/12/2015,07/08/2002,SO48426,383,14253,4,1
03/12/2015,27/09/2002,SO48430,360,26633,4,1
03/12/2015,17/11/2002,SO48427,389,14289,4,1
03/12/2015,02/10/2002,SO48425,379,16475,8,1
03/12/2015,22/10/2002,SO48420,377,14957,7,1
03/12/2015,11/10/2002,SO48434,377,22912,9,1
03/12/2015,12/09/2002,SO48432,377,23098,9,1
03/12/2015,02/09/2002,SO48421,387,19361,10,1
03/12/2015,20/09/2002,SO48428,371,13733,1,1
03/12/2015,18/11/2002,SO48429,352,12385,10,1
03/12/2015,12/09/2002,SO48422,379,16946,10,1
03/12/2015,10/10/2002,SO48431,354,26619,1,1
04/12/2015,07/11/2002,SO48437,324,15466,4,1
04/12/2015,31/08/2002,SO48438,362,13117,9,1
04/12/2015,06/11/2002,SO48436,389,14267,1,1
05/12/2015,20/09/2002,SO48444,362,26618,4,1
05/12/2015,08/11/2002,SO48449,370,22907,9,1
05/12/2015,04/09/2002,SO48442,377,13735,1,1
05/12/2015,19/10/2002,SO48447,326,15471,4,1
05/12/2015,03/11/2002,SO48439,389,17651,7,1
05/12/2015,28/09/2002,SO48440,336,19309,7,1
05/12/2015,19/11/2002,SO48446,338,27265,6,1
05/12/2015,29/09/2002,SO48445,342,15411,4,1
05/12/2015,10/09/2002,SO48441,389,26503,6,1
05/12/2015,21/09/2002,SO48448,375,22987,9,1
05/12/2015,22/08/2002,SO48451,358,13107,9,1
05/12/2015,25/09/2002,SO48450,362,26645,4,1
05/12/2015,29/09/2002,SO48443,352,12232,8,1
06/12/2015,20/11/2002,SO48454,358,12328,10,1
06/12/2015,10/11/2002,SO48453,385,17647,7,1
06/12/2015,19/11/2002,SO48455,360,12380,10,1
06/12/2015,20/11/2002,SO48452,368,14998,7,1
06/12/2015,11/11/2002,SO48456,360,20651,6,1
07/12/2015,21/10/2002,SO48468,336,15433,4,1
07/12/2015,23/09/2002,SO48473,352,26641,4,1
07/12/2015,31/10/2002,SO48472,373,22942,9,1
07/12/2015,24/10/2002,SO48465,356,26626,4,1
07/12/2015,02/10/2002,SO48458,371,17097,10,1
07/12/2015,11/08/2002,SO48459,379,14966,7,1
07/12/2015,29/10/2002,SO48467,332,15409,1,1
07/12/2015,20/09/2002,SO48462,328,20828,8,1
07/12/2015,05/11/2002,SO48470,379,23105,9,1
07/12/2015,07/09/2002,SO48464,375,13734,4,1
07/12/2015,10/09/2002,SO48463,371,17225,10,1
07/12/2015,10/09/2002,SO48469,377,22961,9,1
07/12/2015,19/11/2002,SO48474,328,26447,9,1
07/12/2015,09/11/2002,SO48461,389,18167,8,1
07/12/2015,04/10/2002,SO48466,332,15404,4,1
07/12/2015,11/08/2002,SO48471,375,22909,9,1
07/12/2015,18/11/2002,SO48460,371,17098,10,1
08/12/2015,26/10/2002,SO48483,381,24917,9,1
08/12/2015,02/11/2002,SO48484,352,13525,9,1
08/12/2015,07/10/2002,SO48476,385,26512,6,1
08/12/2015,11/10/2002,SO48475,370,17214,10,1
08/12/2015,02/10/2002,SO48480,352,26642,1,1
08/12/2015,27/08/2002,SO48478,371,22929,9,1
08/12/2015,16/08/2002,SO48477,352,26611,4,1
08/12/2015,15/08/2002,SO48482,387,24912,9,1
08/12/2015,30/10/2002,SO48485,334,26587,9,1
08/12/2015,02/11/2002,SO48481,358,20669,6,1
08/12/2015,06/09/2002,SO48479,373,22939,9,1
09/12/2015,25/09/2002,SO48486,342,20866,10,1
09/12/2015,02/11/2002,SO48487,334,20808,8,1
09/12/2015,04/11/2002,SO48489,369,22954,9,1
09/12/2015,14/10/2002,SO48488,354,12229,8,1
09/12/2015,16/11/2002,SO48490,381,24913,9,1
09/12/2015,13/10/2002,SO48491,358,13126,9,1
09/12/2015,06/11/2002,SO48492,330,26567,9,1
10/12/2015,17/08/2002,SO48498,387,24920,9,1
10/12/2015,30/08/2002,SO48499,358,13132,9,1
10/12/2015,12/09/2002,SO48502,334,26566,9,1
10/12/2015,13/08/2002,SO48497,360,26606,1,1
10/12/2015,28/09/2002,SO48500,358,13135,9,1
10/12/2015,09/11/2002,SO48501,383,19362,10,1
10/12/2015,02/11/2002,SO48495,360,26602,4,1
10/12/2015,15/11/2002,SO48496,362,26603,4,1
10/12/2015,11/09/2002,SO48494,385,14272,1,1
11/12/2015,18/11/2002,SO48509,354,28740,7,1
11/12/2015,25/09/2002,SO48513,320,15417,4,1
11/12/2015,13/11/2002,SO48516,354,13139,9,1
11/12/2015,10/10/2002,SO48508,377,13736,4,1
11/12/2015,11/11/2002,SO48503,370,15003,7,1
11/12/2015,23/11/2002,SO48510,354,26631,4,1
11/12/2015,04/09/2002,SO48514,338,15427,4,1
11/12/2015,21/11/2002,SO48511,362,26635,4,1
11/12/2015,20/10/2002,SO48507,389,14255,1,1
11/12/2015,04/09/2002,SO48505,371,15071,7,1
11/12/2015,14/08/2002,SO48512,352,20656,6,1
11/12/2015,23/11/2002,SO48504,340,20879,10,1
11/12/2015,26/08/2002,SO48506,379,15072,7,1
12/12/2015,19/09/2002,SO48532,362,13112,9,1
12/12/2015,18/11/2002,SO48518,381,19337,10,1
12/12/2015,06/11/2002,SO48519,381,18176,8,1
12/12/2015,02/11/2002,SO48526,375,13724,4,1
12/12/2015,10/10/2002,SO48523,377,17203,10,1
12/12/2015,01/09/2002,SO48528,379,22908,9,1
12/12/2015,18/08/2002,SO48522,370,15064,7,1
12/12/2015,05/10/2002,SO48530,352,13104,9,1
12/12/2015,04/10/2002,SO48527,352,26617,4,1
12/12/2015,09/10/2002,SO48524,377,15082,7,1
12/12/2015,19/08/2002,SO48521,371,16422,8,1
12/12/2015,01/09/2002,SO48533,328,26560,9,1
12/12/2015,27/10/2002,SO48517,368,16442,8,1
12/12/2015,24/11/2002,SO48529,360,26638,1,1
12/12/2015,04/11/2002,SO48520,377,16411,8,1
12/12/2015,26/08/2002,SO48531,360,13105,9,1
12/12/2015,20/08/2002,SO48525,385,14284,1,1
13/12/2015,16/10/2002,SO48534,371,16448,8,1
13/12/2015,25/08/2002,SO48536,387,14256,1,1
13/12/2015,21/11/2002,SO48542,360,26676,4,1
13/12/2015,23/08/2002,SO48545,360,12335,10,1
13/12/2015,14/11/2002,SO48544,354,13119,9,1
13/12/2015,28/09/2002,SO48538,379,22905,9,1
13/12/2015,14/10/2002,SO48535,338,19295,7,1
13/12/2015,27/11/2002,SO48539,377,22921,9,1
13/12/2015,30/09/2002,SO48537,362,12318,10,1
13/12/2015,02/09/2002,SO48540,377,22931,9,1
13/12/2015,21/09/2002,SO48541,368,22943,9,1
13/12/2015,04/09/2002,SO48543,387,24918,9,1
14/12/2015,10/10/2002,SO48547,385,19029,8,1
14/12/2015,14/11/2002,SO48553,370,13716,4,1
14/12/2015,19/10/2002,SO48557,370,22958,9,1
14/12/2015,30/10/2002,SO48559,354,13122,9,1
14/12/2015,30/09/2002,SO48550,326,19315,7,1
14/12/2015,28/08/2002,SO48551,330,20833,8,1
14/12/2015,18/10/2002,SO48558,360,26684,4,1
14/12/2015,29/10/2002,SO48561,340,26562,9,1
14/12/2015,23/09/2002,SO48549,375,14946,7,1
14/12/2015,04/09/2002,SO48560,326,26561,9,1
14/12/2015,13/09/2002,SO48554,362,26622,1,1
14/12/2015,20/08/2002,SO48556,377,22936,9,1
14/12/2015,19/11/2002,SO48548,370,16414,8,1
14/12/2015,09/10/2002,SO48546,377,14960,7,1
14/12/2015,14/11/2002,SO48555,324,15399,4,1
14/12/2015,09/11/2002,SO48552,381,14242,1,1
15/12/2015,06/09/2002,SO48564,375,17218,10,1
15/12/2015,05/09/2002,SO48563,340,20831,8,1
15/12/2015,11/10/2002,SO48562,375,17085,10,1
15/12/2015,21/10/2002,SO48565,358,26604,4,1
15/12/2015,13/09/2002,SO48566,375,22906,9,1
16/12/2015,05/11/2002,SO48571,377,13726,4,1
16/12/2015,30/10/2002,SO48569,324,20726,8,1
16/12/2015,31/08/2002,SO48573,328,15419,1,1
16/12/2015,25/09/2002,SO48567,377,14948,7,1
16/12/2015,26/10/2002,SO48576,362,13133,9,1
16/12/2015,25/08/2002,SO48568,326,19296,7,1
16/12/2015,11/10/2002,SO48570,389,26504,6,1
16/12/2015,10/11/2002,SO48575,360,13123,9,1
16/12/2015,19/11/2002,SO48574,320,15422,1,1
16/12/2015,20/08/2002,SO48577,334,26571,9,1
16/12/2015,19/10/2002,SO48572,362,28756,7,1
17/12/2015,27/08/2002,SO48586,354,13113,9,1
17/12/2015,02/10/2002,SO48585,389,24919,9,1
17/12/2015,20/11/2002,SO48579,379,13741,4,1
17/12/2015,29/08/2002,SO48578,377,17207,10,1
17/12/2015,20/09/2002,SO48581,352,26632,1,1
17/12/2015,06/10/2002,SO48580,358,12231,8,1
17/12/2015,11/11/2002,SO48583,377,23106,9,1
17/12/2015,09/10/2002,SO48588,338,26569,9,1
17/12/2015,27/08/2002,SO48587,322,26568,9,1
17/12/2015,21/09/2002,SO48582,342,15428,4,1
17/12/2015,01/11/2002,SO48584,379,22935,9,1
18/12/2015,30/08/2002,SO48596,373,23101,9,1
18/12/2015,01/10/2002,SO48598,352,13106,9,1
18/12/2015,16/10/2002,SO48593,362,12394,10,1
18/12/2015,19/09/2002,SO48597,352,26650,4,1
18/12/2015,28/09/2002,SO48589,387,17646,7,1
18/12/2015,13/10/2002,SO48591,358,28739,7,1
18/12/2015,07/10/2002,SO48594,362,26614,1,1
18/12/2015,25/08/2002,SO48590,352,28757,7,1
18/12/2015,03/10/2002,SO48592,354,12266,8,1
18/12/2015,01/11/2002,SO48595,375,23097,9,1
19/12/2015,23/11/2002,SO48604,354,26609,1,1
19/12/2015,03/12/2002,SO48611,360,13518,9,1
19/12/2015,14/09/2002,SO48607,377,22946,9,1
19/12/2015,10/10/2002,SO48612,352,13520,9,1
19/12/2015,05/10/2002,SO48605,358,26616,1,1
19/12/2015,26/08/2002,SO48601,362,28728,7,1
19/12/2015,02/12/2002,SO48608,358,26644,1,1
19/12/2015,31/10/2002,SO48599,377,15002,7,1
19/12/2015,29/10/2002,SO48603,356,28751,7,1
19/12/2015,11/11/2002,SO48609,356,26646,4,1
19/12/2015,19/11/2002,SO48600,385,18185,8,1
19/12/2015,16/10/2002,SO48606,368,22988,9,1
19/12/2015,15/11/2002,SO48602,352,12237,8,1
19/12/2015,26/10/2002,SO48610,358,13134,9,1
20/12/2015,04/12/2002,SO48618,332,27259,6,1
20/12/2015,14/09/2002,SO48625,336,26547,9,1
20/12/2015,14/11/2002,SO48622,356,13156,9,1
20/12/2015,23/09/2002,SO48624,362,13109,9,1
20/12/2015,19/10/2002,SO48623,356,13108,9,1
20/12/2015,01/10/2002,SO48613,375,14965,7,1
20/12/2015,29/11/2002,SO48626,334,26570,9,1
20/12/2015,26/11/2002,SO48620,360,20665,6,1
20/12/2015,28/08/2002,SO48615,383,19360,10,1
20/12/2015,17/11/2002,SO48621,360,13129,9,1
20/12/2015,26/08/2002,SO48616,373,13721,1,1
20/12/2015,27/09/2002,SO48617,371,13725,4,1
20/12/2015,22/10/2002,SO48614,375,14976,7,1
20/12/2015,03/09/2002,SO48619,369,22934,9,1
21/12/2015,07/09/2002,SO48628,352,12381,10,1
21/12/2015,13/09/2002,SO48629,389,24916,9,1
21/12/2015,07/10/2002,SO48627,362,28758,7,1
22/12/2015,22/11/2002,SO48636,324,15429,4,1
22/12/2015,31/08/2002,SO48630,358,26623,1,1
22/12/2015,24/11/2002,SO48635,358,28750,7,1
22/12/2015,12/11/2002,SO48637,336,15474,4,1
22/12/2015,04/12/2002,SO48641,354,13524,9,1
22/12/2015,22/10/2002,SO48633,338,20875,10,1
22/12/2015,28/08/2002,SO48639,358,20670,6,1
22/12/2015,07/10/2002,SO48638,334,15475,4,1
22/12/2015,15/09/2002,SO48631,375,17185,10,1
22/12/2015,12/11/2002,SO48632,379,17192,10,1
22/12/2015,16/10/2002,SO48634,362,12230,8,1
22/12/2015,03/12/2002,SO48640,356,26681,4,1
23/12/2015,05/11/2002,SO48649,338,15432,4,1
23/12/2015,02/11/2002,SO48653,360,20680,6,1
23/12/2015,18/11/2002,SO48650,373,22986,9,1
23/12/2015,18/09/2002,SO48652,368,22951,9,1
23/12/2015,22/10/2002,SO48643,342,20869,10,1
23/12/2015,11/09/2002,SO48644,387,14270,4,1
23/12/2015,25/10/2002,SO48651,377,22926,9,1
23/12/2015,23/10/2002,SO48647,354,26625,1,1
23/12/2015,15/10/2002,SO48646,370,13722,1,1
23/12/2015,16/10/2002,SO48642,371,15061,7,1
23/12/2015,28/09/2002,SO48648,354,26610,4,1
23/12/2015,29/10/2002,SO48645,387,14283,1,1
24/12/2015,21/11/2002,SO48656,336,20829,8,1
24/12/2015,12/11/2002,SO48661,332,15467,4,1
24/12/2015,12/09/2002,SO48657,373,15067,7,1
24/12/2015,06/10/2002,SO48659,362,28749,7,1
24/12/2015,30/09/2002,SO48662,369,22938,9,1
24/12/2015,22/09/2002,SO48654,375,17094,10,1
24/12/2015,10/11/2002,SO48655,385,18183,8,1
24/12/2015,30/10/2002,SO48660,356,26607,4,1
24/12/2015,25/11/2002,SO48664,354,13521,9,1
24/12/2015,21/09/2002,SO48663,362,13118,9,1
24/12/2015,20/11/2002,SO48665,334,20872,10,1
24/12/2015,03/09/2002,SO48666,360,13090,9,1
25/12/2015,09/10/2002,SO48673,360,13131,9,1
25/12/2015,02/09/2002,SO48674,334,26548,9,1
25/12/2015,29/11/2002,SO48669,328,19293,7,1
25/12/2015,25/10/2002,SO48667,389,19341,10,1
25/12/2015,17/10/2002,SO48671,360,12270,8,1
25/12/2015,26/11/2002,SO48670,377,13715,4,1
25/12/2015,09/12/2002,SO48672,379,22950,9,1
25/12/2015,24/09/2002,SO48668,389,18626,8,1
26/12/2015,30/11/2002,SO48679,352,26608,4,1
26/12/2015,17/09/2002,SO48682,354,13091,9,1
26/12/2015,04/09/2002,SO48680,340,27242,6,1
26/12/2015,16/09/2002,SO48676,370,13729,1,1
26/12/2015,15/11/2002,SO48675,379,15079,7,1
26/12/2015,11/10/2002,SO48678,362,26627,4,1
26/12/2015,07/09/2002,SO48677,358,12391,10,1
26/12/2015,28/08/2002,SO48681,352,13160,9,1
27/12/2015,30/11/2002,SO48687,352,12317,10,1
27/12/2015,07/09/2002,SO48684,379,16534,8,1
27/12/2015,23/11/2002,SO48690,360,13130,9,1
27/12/2015,26/11/2002,SO48683,385,17648,7,1
27/12/2015,05/12/2002,SO48689,385,24914,9,1
27/12/2015,11/11/2002,SO48691,338,26549,9,1
27/12/2015,28/10/2002,SO48688,373,22966,9,1
27/12/2015,11/10/2002,SO48686,371,25999,6,1
27/12/2015,07/10/2002,SO48685,369,13728,4,1
28/12/2015,02/10/2002,SO48692,381,18171,8,1
28/12/2015,08/09/2002,SO48694,362,12315,10,1
28/12/2015,12/09/2002,SO48701,360,13103,9,1
28/12/2015,09/11/2002,SO48696,368,23100,9,1
28/12/2015,26/11/2002,SO48699,362,13115,9,1
28/12/2015,15/09/2002,SO48695,362,26624,1,1
28/12/2015,04/10/2002,SO48693,370,25995,6,1
28/12/2015,04/12/2002,SO48698,362,26647,4,1
28/12/2015,23/09/2002,SO48697,371,22933,9,1
28/12/2015,05/11/2002,SO48700,360,13519,9,1
29/12/2015,23/10/2002,SO48708,377,16466,8,1
29/12/2015,22/09/2002,SO48712,338,27252,6,1
29/12/2015,10/12/2002,SO48707,326,19313,7,1
29/12/2015,03/11/2002,SO48713,334,27253,6,1
29/12/2015,28/10/2002,SO48709,381,14268,4,1
29/12/2015,03/12/2002,SO48714,377,23104,9,1
29/12/2015,05/10/2002,SO48704,369,16429,8,1
29/12/2015,21/11/2002,SO48702,377,17115,10,1
29/12/2015,26/11/2002,SO48711,326,15410,4,1
29/12/2015,17/11/2002,SO48715,375,23107,9,1
29/12/2015,05/11/2002,SO48706,387,19359,10,1
29/12/2015,18/10/2002,SO48705,373,14995,7,1
29/12/2015,25/10/2002,SO48703,369,15004,7,1
29/12/2015,20/09/2002,SO48710,354,12305,10,1
30/12/2015,06/10/2002,SO48716,377,17626,10,1
30/12/2015,09/09/2002,SO48721,368,22930,9,1
30/12/2015,28/11/2002,SO48722,369,22937,9,1
30/12/2015,03/09/2002,SO48719,368,23099,9,1
30/12/2015,06/12/2002,SO48720,371,22910,9,1
30/12/2015,20/10/2002,SO48717,352,28736,7,1
30/12/2015,12/10/2002,SO48718,356,12382,10,1
31/12/2015,14/12/2002,SO48727,360,13128,9,1
31/12/2015,09/11/2002,SO48725,377,17202,10,1
31/12/2015,29/11/2002,SO48728,354,13111,9,1
31/12/2015,14/11/2002,SO48729,324,26563,9,1
31/12/2015,02/12/2002,SO48724,340,20722,8,1
31/12/2015,09/10/2002,SO48723,369,14944,7,1
31/12/2015,22/11/2002,SO48726,383,24915,9,1
